peer_hash_id,peer_group_id,variable,variable_unit,variable_currency,metric,metric_value,metric_value_date,peer_hash_id_new
866e4a680dc62e2392a6bd2e912ec09c,78e21157-9ed2-46e8-8d31-9b09031677b6,marketleverage,1,USD,P036,0.15038698808675222,6/1/2025,b5d43a1fabfc5e617b72b2be884bf44f
bfdb1beb9cacd2b3e3405c1a07b07d63,78e21157-9ed2-46e8-8d31-9b09031677b6,marketleverage,1,USD,P037,0.15038698808675222,6/1/2025,fbcaf684dae7d8be4baf2ceb0fbf3332
7f583d5808c4223ebb05cf77783fbf71,78e21157-9ed2-46e8-8d31-9b09031677b6,marketleverage,1,USD,P038,0.15038698808675222,6/1/2025,909f24aa40fe3909ef96aac5fbe88ac5
a829f555915974c018862f980694178d,78e21157-9ed2-46e8-8d31-9b09031677b6,marketleverage,1,USD,P039,0.15038698808675222,6/1/2025,b55385a0a15c4a3d7f928414a5248406
5e21a7262d4b1d750cf8b7f792de76b6,78e21157-9ed2-46e8-8d31-9b09031677b6,marketleverage,1,USD,P040,0.15038698808675222,6/1/2025,cb5727255d1a598c49d55b0305e29fed
7a4e0b0c697b18588a23dc17b8a689c9,78e21157-9ed2-46e8-8d31-9b09031677b6,marketleverage,1,USD,P041,0.15038698808675222,6/1/2025,44b8ccfb96952555bfc78e9d91e2fdd3
2f2f74bb414490bbb509bb9bcf352579,78e21157-9ed2-46e8-8d31-9b09031677b6,marketleverage,1,USD,P042,0.15038698808675222,6/1/2025,a846db8ff3e8b0adbcdd7697d8c86200
99d8b2b21cf9a8bbd2b86e360ad9b318,78e21157-9ed2-46e8-8d31-9b09031677b6,marketleverage,1,USD,P043,0.15038698808675222,6/1/2025,8aaa3e2ad1ef56b440e288b2f0300954
f03df85bfff0362bdb4cb653b12107ba,78e21157-9ed2-46e8-8d31-9b09031677b6,marketleverage,1,USD,P044,0.15038698808675222,6/1/2025,792ce4929fd332e84ca404da50165c7b
41a7ac8bd8075784371e04adc9cee6c8,78e21157-9ed2-46e8-8d31-9b09031677b6,marketleverage,1,USD,P045,0.15038698808675222,6/1/2025,794ae46d2e7a461f71c1a18198fd152a
18e7eaf00d145224a537c38f277050d3,78e21157-9ed2-46e8-8d31-9b09031677b6,marketleverage,1,USD,P046,0.15038698808675222,6/1/2025,44d38e2761a476ab514d52e70f703637
489d6059a1a81adcb7d64e2e7546f48f,78e21157-9ed2-46e8-8d31-9b09031677b6,marketleverage,1,USD,P047,0.15038698808675222,6/1/2025,cd7c1270b0a0c48651a34b8736c37f33
306f7f3664c4670e4bed142ed9a00e83,78e21157-9ed2-46e8-8d31-9b09031677b6,marketleverage,1,USD,P048,0.15038698808675222,6/1/2025,67e2324daf20c8c3b796135794f5e596
c44bcd866c8aa09b438f05c88d02e99f,78e21157-9ed2-46e8-8d31-9b09031677b6,marketleverage,1,USD,P049,0.15038698808675222,6/1/2025,7d9b1385d821501a4a19e3a7a2ea5eed
111b739ce0498034096812d484285f90,78e21157-9ed2-46e8-8d31-9b09031677b6,marketleverage,1,USD,P050,0.15038698808675222,6/1/2025,2dad9a997261e97c5d784a9886d6156a
4c46ffdf17b57dc1c19fca5d7f707463,78e21157-9ed2-46e8-8d31-9b09031677b6,marketleverage,1,USD,P051,0.15038698808675222,6/1/2025,c1967b13be64f0e066a659d418c991ee
59413a8ab1d3714e3f0358e1fdfe5bf7,78e21157-9ed2-46e8-8d31-9b09031677b6,marketleverage,1,USD,P052,0.15038698808675222,6/1/2025,c350c35c55510e39b6df06ce90df7cdc
6fecccf4a1bf0bc606e8e84155d9b27b,78e21157-9ed2-46e8-8d31-9b09031677b6,marketleverage,1,USD,P053,0.15038698808675222,6/1/2025,589a2d26f708e0f5fc69e47c7e2964b9
9193713d871562994503b673e48c7491,78e21157-9ed2-46e8-8d31-9b09031677b6,marketleverage,1,USD,P054,0.15038698808675222,6/1/2025,507f3ca44753b7f7b94ad8d5b508cdc5
bd8cb5d66cf7777127119806eb542102,78e21157-9ed2-46e8-8d31-9b09031677b6,marketleverage,1,USD,P055,0.15038698808675222,6/1/2025,e8fecb0cd663db62273c1d353c52b311
4aecd01453b1a89cbf951419f421bd5f,78e21157-9ed2-46e8-8d31-9b09031677b6,marketleverage,1,USD,P056,0.15038698808675222,6/1/2025,cd7d3ba6ed1c898c57a91e02e1943278
0d2b474a2597bc18a70cba4b4cfb6867,78e21157-9ed2-46e8-8d31-9b09031677b6,marketleverage,1,USD,P057,0.15038698808675222,6/1/2025,7fc3bdb9308b48ac2b1ee75fbad93f65
af46bc6dfec42363c81ba455a48e8ed5,78e21157-9ed2-46e8-8d31-9b09031677b6,marketleverage,1,USD,P058,0.15038698808675222,6/1/2025,49e07c95f4117b93840927ee6ed21846
e995894cd0d687d7cba55a0c024f7a5c,78e21157-9ed2-46e8-8d31-9b09031677b6,marketleverage,1,USD,P059,0.15038698808675222,6/1/2025,72999daecb885fd958ea2f60b5aa61d0
10f043d897b10bf8102f67f93a25dd77,78e21157-9ed2-46e8-8d31-9b09031677b6,marketleverage,1,USD,P060,0.15038698808675222,6/1/2025,59a4c7cd8058aaf1a0f04bcd13a28317
8fd355c82a8f1e83993c27fb7b26b580,78e21157-9ed2-46e8-8d31-9b09031677b6,marketleverage,1,USD,P061,0.15038698808675222,6/1/2025,60d40e9b9af38a1f084abae1711133c4
9098afb8a73de46ce193d4961997d9b9,78e21157-9ed2-46e8-8d31-9b09031677b6,marketleverage,1,USD,P062,0.15038698808675222,6/1/2025,ce09c0ac4c9c4c10947837d8ecf589cc
50e905d742dc6e5b23a8d8a27edc3b16,78e21157-9ed2-46e8-8d31-9b09031677b6,marketleverage,1,USD,P063,0.15038698808675222,6/1/2025,0adc29e3bfb3fbd2f11137fadc118956
975ed26ee7a00b7f3703cee8367e37ed,78e21157-9ed2-46e8-8d31-9b09031677b6,marketleverage,1,USD,P064,0.15038698808675222,6/1/2025,f54fa00ba63f407e2f1013065b9aeca0
27bcbd22f90b48438c47d9f1644c8d43,78e21157-9ed2-46e8-8d31-9b09031677b6,marketleverage,1,USD,P065,0.15038698808675222,6/1/2025,a0c5d37cf917af929578f476f9f8caab
71cdf7b67f5c91dc5fd7514518f085e8,78e21157-9ed2-46e8-8d31-9b09031677b6,marketleverage,1,USD,P066,0.15038698808675222,6/1/2025,3a2d99b1bbaaace98a91a14c01b9cff2
fc3a3ca0973baae5047f6f1be6bc3709,78e21157-9ed2-46e8-8d31-9b09031677b6,marketleverage,1,USD,P067,0.2437516338467585,6/1/2025,12cd1f069620217b0a00ee4ffa13c735
59bbe8fb79ee0c0c181fa40b1d6d3476,78e21157-9ed2-46e8-8d31-9b09031677b6,marketleverage,1,USD,P068,0.2437516338467585,6/1/2025,3f14b4e000e330915d2bdc2312f09fbc
bd8972c0a176ae6b3704a433059aa4a5,78e21157-9ed2-46e8-8d31-9b09031677b6,marketleverage,1,USD,P069,0.2437516338467585,6/1/2025,af3dcc779a0a50316fa450876dd1e440
96bd363221385e76f5562e7b0b2768dc,78e21157-9ed2-46e8-8d31-9b09031677b6,marketleverage,1,USD,P070,0.2437516338467585,6/1/2025,c63fc8110f05cac854b8ad811aec97f6
6158d88e9b8209c11b36a37b9c97a9db,78e21157-9ed2-46e8-8d31-9b09031677b6,marketleverage,1,USD,P071,0.2437516338467585,6/1/2025,0a2d41515a7e0a504594edb533d8f9d7
059d1c6a751f8256866b5d919f5bc7e5,78e21157-9ed2-46e8-8d31-9b09031677b6,marketleverage,1,USD,P072,0.2437516338467585,6/1/2025,cd3bd67ccddb558abe822e48c069e1f7
fdb7341b811a75d0b73e42c5fda5c783,78e21157-9ed2-46e8-8d31-9b09031677b6,marketleverage,1,USD,P073,0.2437516338467585,6/1/2025,82bb882246cd861a279cc02995faf913
85dc935ee5b17b78314315c29f390215,78e21157-9ed2-46e8-8d31-9b09031677b6,marketleverage,1,USD,P074,0.2437516338467585,6/1/2025,adea1dc8c6765b4a69d5cb94de14393b
18e7e0dfe842b253e8898a38891f7321,78e21157-9ed2-46e8-8d31-9b09031677b6,marketleverage,1,USD,P075,0.2437516338467585,6/1/2025,617a9cfd31b9480747d0a4958583a2c0
285d9f8615726f8059c2b2616996654e,78e21157-9ed2-46e8-8d31-9b09031677b6,marketleverage,1,USD,P076,0.2437516338467585,6/1/2025,41dc65e4e0b358ab6e4f8ad93c63b8dc
4515bd16b55a7ab61432f5962ce5306c,78e21157-9ed2-46e8-8d31-9b09031677b6,marketleverage,1,USD,P077,0.2437516338467585,6/1/2025,bded84f2601f20bc6908b2274c939d37
8ebff8811447176f974276b5a2211040,78e21157-9ed2-46e8-8d31-9b09031677b6,marketleverage,1,USD,P078,0.2437516338467585,6/1/2025,47363d8a6e2bce5183ffb9f72c21324f
592df25a1cabbda649011994ecef414e,78e21157-9ed2-46e8-8d31-9b09031677b6,marketleverage,1,USD,P079,0.2437516338467585,6/1/2025,8c267bdf194103fba03dfc4fc12892da
e0a2fa5aec0e21b35df9337dea2469e9,78e21157-9ed2-46e8-8d31-9b09031677b6,marketleverage,1,USD,P080,0.2437516338467585,6/1/2025,ecdfc82eec8fd8afdadeb13a2b2064a1
56685c7f7ca344a2ca807e0bc9770581,78e21157-9ed2-46e8-8d31-9b09031677b6,marketleverage,1,USD,P081,0.2437516338467585,6/1/2025,ecf318566324793dd11c4ecad64648ef
9125926f824b1648589bbd3e1da1b04d,78e21157-9ed2-46e8-8d31-9b09031677b6,marketleverage,1,USD,P082,0.2437516338467585,6/1/2025,b1bef91f5c4f1ca064cc7bf3c3b48919
ca83a2fbf91e67f3dc30b5f4ad867848,78e21157-9ed2-46e8-8d31-9b09031677b6,marketleverage,1,USD,P083,0.2437516338467585,6/1/2025,586ae4486244547219f378fc00ee1180
e940a2af3b68ceaeed0df73c44a6c123,78e21157-9ed2-46e8-8d31-9b09031677b6,marketleverage,1,USD,P084,0.2437516338467585,6/1/2025,7ed92e0c1eebd8526b90681083fffb64
b050bfa493a61014ce875f0469d1997f,78e21157-9ed2-46e8-8d31-9b09031677b6,marketleverage,1,USD,P085,0.2437516338467585,6/1/2025,65aeb6815e6e71dcaff3c35ae25fd08b
e07e7b36dc4bf2052eaed8175cfb71a8,78e21157-9ed2-46e8-8d31-9b09031677b6,marketleverage,1,USD,P086,0.2437516338467585,6/1/2025,694c98ea2b8eaee000594535db9f4c61
67e8c2292522d44f28329dfadef00d88,78e21157-9ed2-46e8-8d31-9b09031677b6,marketleverage,1,USD,P087,0.2437516338467585,6/1/2025,fe025f98e03312012f3e5090854abe05
daa825f14f8f2ac11fa3db213ac7c454,78e21157-9ed2-46e8-8d31-9b09031677b6,marketleverage,1,USD,P088,0.2437516338467585,6/1/2025,352d41f829a358e35129e49092537c49
f158f79cc3ce835ec159840f1d57ad50,78e21157-9ed2-46e8-8d31-9b09031677b6,marketleverage,1,USD,P089,0.2437516338467585,6/1/2025,e0711fd3787654acb80f9cbda6d9649c
42df6addda96ea959c92e47eb1f1ec53,78e21157-9ed2-46e8-8d31-9b09031677b6,marketleverage,1,USD,P090,0.2437516338467585,6/1/2025,04a184186e60939e1f3ee2efa119b8fd
3542c942f5ee428aead49e9b76b7a58b,78e21157-9ed2-46e8-8d31-9b09031677b6,marketleverage,1,USD,P091,0.2437516338467585,6/1/2025,58f942f93d3ae886f26f1e3077ae7d15
a39abc5993e6ae1188c32f728e95dc0b,78e21157-9ed2-46e8-8d31-9b09031677b6,marketleverage,1,USD,P092,0.2437516338467585,6/1/2025,30ca49f25f1efe4a91502531658cf4cf
197b1eb695c5509bf0364526272fdbb9,78e21157-9ed2-46e8-8d31-9b09031677b6,marketleverage,1,USD,P093,0.2437516338467585,6/1/2025,3a3f82a616ed0926a65988450fb7e7b1
edc347706bba4641a463adde8a8c141f,78e21157-9ed2-46e8-8d31-9b09031677b6,marketleverage,1,USD,P094,0.2437516338467585,6/1/2025,2c241168daafbca70289a304b36b8785
bf727e2e2f2eb60321e33895bacf3c50,78e21157-9ed2-46e8-8d31-9b09031677b6,marketleverage,1,USD,P095,0.2437516338467585,6/1/2025,d8c5819dc50f6c94f3de25d2ae0aa5d7
9b1d0dea8a1189ca336e9ea6024b4994,78e21157-9ed2-46e8-8d31-9b09031677b6,marketleverage,1,USD,P096,0.2437516338467585,6/1/2025,4b6f5e2191ca6db126a0b1195f682ec1
2e3c943cc9d119e9cebfe40d17adf351,78e21157-9ed2-46e8-8d31-9b09031677b6,marketleverage,1,USD,P097,0.2437516338467585,6/1/2025,10e542f055b28e203bc290becd11a136
88bca3d733e77301aa3ed91b57053f0c,78e21157-9ed2-46e8-8d31-9b09031677b6,marketleverage,1,USD,P098,0.2437516338467585,6/1/2025,d6e43f36e5a6b1f9f8f78c2f617d0387
1d213f3617a5175a32f680dc3c897fc3,78e21157-9ed2-46e8-8d31-9b09031677b6,marketleverage,1,USD,P099,0.2437516338467585,6/1/2025,eff68752625510b8ea2ef9fa35bb8308
d2f041ef61bdc02e0ccd21b3a7a0cd94,78e21157-9ed2-46e8-8d31-9b09031677b6,marketleverage,1,USD,P100,0.2437516338467585,6/1/2025,4e177f659ac073fdec7bbf8c770f0894
dfb83beab9a4265cb15587749637c2b7,78e899b9-5390-4aa9-9bd7-a990341ddcef,marketleverage,1,USD,min_pd_drivers_listed,0.3280412395874771,6/1/2025,4ee44e7f27bb1af7ed7622e08643de08
5b8a6770d1ecf486255a46861d619acf,78e899b9-5390-4aa9-9bd7-a990341ddcef,marketleverage,1,USD,avg,0.3939480378216736,6/1/2025,20ecf22ca1afd0ff2941ac4d7a25434e
a5c426ce3691484ffb3ad3f3c0484719,78e899b9-5390-4aa9-9bd7-a990341ddcef,marketleverage,1,USD,max_pd_drivers_listed,0.4598548360558701,6/1/2025,1e449c25732c9032c3fb31df63138bf3
42c467b813629043acc13c48410bfb47,78e899b9-5390-4aa9-9bd7-a990341ddcef,marketleverage,1,USD,P001,0.3280412395874771,6/1/2025,4300f158d0f41366885fd3facf9cdd96
35cefd0a1c828b81acd852bac07c87c2,78e899b9-5390-4aa9-9bd7-a990341ddcef,marketleverage,1,USD,P002,0.3280412395874771,6/1/2025,4cce93184cc5e7095673655dc64b5817
fa70f750781adfaf46429d4ba2545ec4,78e899b9-5390-4aa9-9bd7-a990341ddcef,marketleverage,1,USD,P003,0.3280412395874771,6/1/2025,7828bec13431d4bef727c44c3e7f77a6
292bab07df1d5fd35581e067ba5c5e94,78e899b9-5390-4aa9-9bd7-a990341ddcef,marketleverage,1,USD,P004,0.3280412395874771,6/1/2025,d91ee3d0f3116d5663d77c52a270e4db
a901595aaabfbf822bb321b1cdc5c3ff,78e899b9-5390-4aa9-9bd7-a990341ddcef,marketleverage,1,USD,P005,0.3280412395874771,6/1/2025,3ceff9acaf5b8d62f643b313c5a7c158
7908d4231da7b3c3e2dc3017816ac7a9,78e899b9-5390-4aa9-9bd7-a990341ddcef,marketleverage,1,USD,P006,0.3280412395874771,6/1/2025,1178d9a20d2f1c3d460de5fa6c8854b5
3d387f593ea5b34e3610691c0d69e20e,78e899b9-5390-4aa9-9bd7-a990341ddcef,marketleverage,1,USD,P007,0.3280412395874771,6/1/2025,f9063e8b13ba90fe967105437fd80f56
d2af67cb9afab5dc3a102db5199f4919,78e899b9-5390-4aa9-9bd7-a990341ddcef,marketleverage,1,USD,P008,0.3280412395874771,6/1/2025,34127d515967177049a7b31de1b8facf
a10a99fa604b04c130993a1458220e93,78e899b9-5390-4aa9-9bd7-a990341ddcef,marketleverage,1,USD,P009,0.3280412395874771,6/1/2025,9719670c59c352114750275890102877
0fdd3d0e655b069d8001d74ca585ec3f,78e899b9-5390-4aa9-9bd7-a990341ddcef,marketleverage,1,USD,P010,0.3280412395874771,6/1/2025,cccf87b0cd3ab9dfcec7e7137e3ec39a
7e3f64a1b69b4164278c48552bef724e,78e899b9-5390-4aa9-9bd7-a990341ddcef,marketleverage,1,USD,P011,0.3280412395874771,6/1/2025,48778f504778e8faa87c72277e98f267
6590c608391f9a1067d25f283b402b63,78e899b9-5390-4aa9-9bd7-a990341ddcef,marketleverage,1,USD,P012,0.3280412395874771,6/1/2025,1ed86a50749197c171d06f4039fab413
b175aad7c301cef707045e933fe550d2,78e899b9-5390-4aa9-9bd7-a990341ddcef,marketleverage,1,USD,P013,0.3280412395874771,6/1/2025,04d24a54bd336ae5e2c7210514640ab1
420715df6c569a761934245edd1e5c71,78e899b9-5390-4aa9-9bd7-a990341ddcef,marketleverage,1,USD,P014,0.3280412395874771,6/1/2025,c775f6450ba150463664f94717480339
4595df43cc1c8eec43e730635830a0e7,78e899b9-5390-4aa9-9bd7-a990341ddcef,marketleverage,1,USD,P015,0.3280412395874771,6/1/2025,a20125db30f80116bd4ecd95f79b4c64
c180bd4adf96f1128f676b6550b73c9b,78e899b9-5390-4aa9-9bd7-a990341ddcef,marketleverage,1,USD,P016,0.3280412395874771,6/1/2025,54cf5ca85d73f82e39e8070a6ac5b53f
746550f129a015abe1bf234b4cde7d8a,78e899b9-5390-4aa9-9bd7-a990341ddcef,marketleverage,1,USD,P017,0.3280412395874771,6/1/2025,c816d881266a3f074193ebdd185357d5
18795d1b6ea88bf49e72bee8492c151b,78e899b9-5390-4aa9-9bd7-a990341ddcef,marketleverage,1,USD,P018,0.3280412395874771,6/1/2025,875651b5294874f31da8ce220ede0a03
b36436c849c7a9978beba2cce9e02c13,78e899b9-5390-4aa9-9bd7-a990341ddcef,marketleverage,1,USD,P019,0.3280412395874771,6/1/2025,ad913cfce52e4bac66ffc5413cc79f65
457a4814a3da1e0ba2ebbcf50d8d6e11,78e899b9-5390-4aa9-9bd7-a990341ddcef,marketleverage,1,USD,P020,0.3280412395874771,6/1/2025,d4a54086270107dd3c9a3cc53e30fff8
163165dbb8ca9faf239055bb9b535f97,78e899b9-5390-4aa9-9bd7-a990341ddcef,marketleverage,1,USD,P021,0.3280412395874771,6/1/2025,e70391b4d1a48aebdd43ea804df0a026
f4aecb6ec58085b337103083a822f140,78e899b9-5390-4aa9-9bd7-a990341ddcef,marketleverage,1,USD,P022,0.3280412395874771,6/1/2025,188d35b7842c1544900f2cda1693d580
e07872dbe4e279606edefc7107ee2b1b,78e899b9-5390-4aa9-9bd7-a990341ddcef,marketleverage,1,USD,P023,0.3280412395874771,6/1/2025,5c423d2e6cda71903bf674715dd068c0
01c760cc6939dae9c201f92b8f6bf407,78e899b9-5390-4aa9-9bd7-a990341ddcef,marketleverage,1,USD,P024,0.3280412395874771,6/1/2025,43b107e4782280ef6448e0c8e87e67cc
31a21577677a4b3435972493dc571253,78e899b9-5390-4aa9-9bd7-a990341ddcef,marketleverage,1,USD,P025,0.3280412395874771,6/1/2025,d12f3d90050904c067484a5e54906849
79afbbf424d3137ee719e12f5b64f148,78e899b9-5390-4aa9-9bd7-a990341ddcef,marketleverage,1,USD,P026,0.3280412395874771,6/1/2025,5fbb80be42e13b2fd20f72da9ee7ca0d
7949ec91b18820dd5aaffa3566b5a928,78e899b9-5390-4aa9-9bd7-a990341ddcef,marketleverage,1,USD,P027,0.3280412395874771,6/1/2025,53e3dcc68fc5a3751695dd9929d15135
2c7043985db674eeda5189e5aac4a2bb,78e899b9-5390-4aa9-9bd7-a990341ddcef,marketleverage,1,USD,P028,0.3280412395874771,6/1/2025,b0ad1d6fef63109d870acad0c21e966a
5da325cc3a1eac48c316f5854a49158d,78e899b9-5390-4aa9-9bd7-a990341ddcef,marketleverage,1,USD,P029,0.3280412395874771,6/1/2025,eb0ff18389070813ec9dc6e2d1f16e97
1c2db1200cb7191dda21c820ff7b8aa7,78e899b9-5390-4aa9-9bd7-a990341ddcef,marketleverage,1,USD,P030,0.3280412395874771,6/1/2025,60e90eb1c9dca6c12aa33a754824e60e
a3f04a381f4d877c2927920222bf6307,78e899b9-5390-4aa9-9bd7-a990341ddcef,marketleverage,1,USD,P031,0.3280412395874771,6/1/2025,1c50725b23e0c0b26c2f09acada43f35
797bbd68894834c5003151fe0affb782,78e899b9-5390-4aa9-9bd7-a990341ddcef,marketleverage,1,USD,P032,0.3280412395874771,6/1/2025,b9a63ba521c97df1752e5863c5bed7b0
196f2c461f0f6a182864cbd67b62a4e2,78e899b9-5390-4aa9-9bd7-a990341ddcef,marketleverage,1,USD,P033,0.3280412395874771,6/1/2025,dfde84561350d8212ffd6bb106601aec
07e0ce11101e2d73dd8916b593c26ca2,78e899b9-5390-4aa9-9bd7-a990341ddcef,marketleverage,1,USD,P034,0.3280412395874771,6/1/2025,38aba64a01c6c6e6e51d52030e55ccbc
a1ef88d22bbdc0c09eaa32eb9d427e2f,78e899b9-5390-4aa9-9bd7-a990341ddcef,marketleverage,1,USD,P035,0.3280412395874771,6/1/2025,6c93f5c3eb486e89a2d5148f92b14b63
490ec7c5d27018cdaa38cde188d742da,78e899b9-5390-4aa9-9bd7-a990341ddcef,marketleverage,1,USD,P036,0.3280412395874771,6/1/2025,1d9b21958e4200958b0a2cce9b3c5c4b
02f6d209b97fd93ccb1c83d16372e5d5,78e899b9-5390-4aa9-9bd7-a990341ddcef,marketleverage,1,USD,P037,0.3280412395874771,6/1/2025,67b90cc82f3df2ea4b65663da770747d
7ddc3aa04a9be0a0c827664bc8fa1e72,78e899b9-5390-4aa9-9bd7-a990341ddcef,marketleverage,1,USD,P038,0.3280412395874771,6/1/2025,6ae9bd440849eb8ae5245537baff38b3
59e482bf0081658f7ceb1866f3a0e89d,78e899b9-5390-4aa9-9bd7-a990341ddcef,marketleverage,1,USD,P039,0.3280412395874771,6/1/2025,5b524e7cd97cb4aa7f8c6959ad46b31c
26ee39be5115a5f42da4f593aafe3647,78e899b9-5390-4aa9-9bd7-a990341ddcef,marketleverage,1,USD,P040,0.3280412395874771,6/1/2025,911306d3719992c6570e9e91f45b574e
f7f3d943e73c15f4be71673d36cf325c,78e899b9-5390-4aa9-9bd7-a990341ddcef,marketleverage,1,USD,P041,0.3280412395874771,6/1/2025,28fb12bb7ff943248a7ac7a745f58460
cdc41b21144c3337363835e9f538393a,78e899b9-5390-4aa9-9bd7-a990341ddcef,marketleverage,1,USD,P042,0.3280412395874771,6/1/2025,7abfffa257327f2cb1d7e7215ba77bc4
94b30a1f64a52067759890f7936c60e7,78e899b9-5390-4aa9-9bd7-a990341ddcef,marketleverage,1,USD,P043,0.3280412395874771,6/1/2025,01c3b01c8a0746a78cdab78547092743
0f588ddb08b33b316b291d68ba667b90,78e899b9-5390-4aa9-9bd7-a990341ddcef,marketleverage,1,USD,P044,0.3280412395874771,6/1/2025,5fbf558855f617d155d53d2ff64c83ec
633d05fb086b40b9647b67177380b097,78e899b9-5390-4aa9-9bd7-a990341ddcef,marketleverage,1,USD,P045,0.3280412395874771,6/1/2025,0504e398edd0142df5cf96bcbf99c78d
ec266225e4281e20f6704dd98a53680c,78e899b9-5390-4aa9-9bd7-a990341ddcef,marketleverage,1,USD,P046,0.3280412395874771,6/1/2025,7b5a786dbc195950791b6a514831019e
06913cd85fe5aadd7e21511876170323,78e899b9-5390-4aa9-9bd7-a990341ddcef,marketleverage,1,USD,P047,0.3280412395874771,6/1/2025,df7d5913e6f15d39a512e4d35a397abf
ca26f5387bdf56ea043325432d1b980f,78e899b9-5390-4aa9-9bd7-a990341ddcef,marketleverage,1,USD,P048,0.3280412395874771,6/1/2025,e608ac39145fb34265035f8a67b31471
62413f7a06b7a49d9923005c53f5c4f4,78e899b9-5390-4aa9-9bd7-a990341ddcef,marketleverage,1,USD,P049,0.3280412395874771,6/1/2025,962f90a73b878fa00e1680a14fcd07a2
57720adfb1e806d7d322e64bda64896d,78e899b9-5390-4aa9-9bd7-a990341ddcef,marketleverage,1,USD,P050,0.3280412395874771,6/1/2025,2ef6484114f2a027fec6d4b5f0cb62c0
ea22bf964af18a82a0372192e0339f58,78e899b9-5390-4aa9-9bd7-a990341ddcef,marketleverage,1,USD,P051,0.4598548360558701,6/1/2025,4f580afe8bec84228ed75f74ca0e9b41
e147ffb259b366952d195f7f29ce3ebb,78e899b9-5390-4aa9-9bd7-a990341ddcef,marketleverage,1,USD,P052,0.4598548360558701,6/1/2025,64b34fe6512524947985a770225803db
719a5662e44ef46c0a43dd565cffa521,78e899b9-5390-4aa9-9bd7-a990341ddcef,marketleverage,1,USD,P053,0.4598548360558701,6/1/2025,19fa9cdb5d83bce5cae4dd47bced37da
fa20a820e62eaa8479b66cae628c9628,78e899b9-5390-4aa9-9bd7-a990341ddcef,marketleverage,1,USD,P054,0.4598548360558701,6/1/2025,8507d1a005c77db658caf23561076b5e
ebe1a91ed2375883a3e64db350fdc3ff,78e899b9-5390-4aa9-9bd7-a990341ddcef,marketleverage,1,USD,P055,0.4598548360558701,6/1/2025,4b21f768f1e962cc4a92678a9f4de4c2
69f5af61714c08ccb92ac2ff791e4ef9,78e899b9-5390-4aa9-9bd7-a990341ddcef,marketleverage,1,USD,P056,0.4598548360558701,6/1/2025,bd72a0d4d12d40630360ed815b776624
d867e5ea3a88002f44d1c0a8ee4e7b0c,78e899b9-5390-4aa9-9bd7-a990341ddcef,marketleverage,1,USD,P057,0.4598548360558701,6/1/2025,e9023af0b3d97af0f92f7b3299500afc
9bf98c905bb6030ce0c86c1d32348d81,78e899b9-5390-4aa9-9bd7-a990341ddcef,marketleverage,1,USD,P058,0.4598548360558701,6/1/2025,bde025ac075a912c06bad50a147eeadc
ab4caec953d7c9b880ec275c825962d6,78e899b9-5390-4aa9-9bd7-a990341ddcef,marketleverage,1,USD,P059,0.4598548360558701,6/1/2025,57e12233ac5ae067deb06939e6f02012
a1e2d854429166378baf1eb18943e8df,78e899b9-5390-4aa9-9bd7-a990341ddcef,marketleverage,1,USD,P060,0.4598548360558701,6/1/2025,8eadc1c4e9123c4f7819b0684980cf19
20eaadad7d57ca400efa4c8ac5c6e138,78e899b9-5390-4aa9-9bd7-a990341ddcef,marketleverage,1,USD,P061,0.4598548360558701,6/1/2025,a5a4ea8bcaf407ffa43ed325e2f895c5
394fbe8c556102e8f4cfe054900f9eac,78e899b9-5390-4aa9-9bd7-a990341ddcef,marketleverage,1,USD,P062,0.4598548360558701,6/1/2025,34b4e1bfdff691bb485b3d153793361d
c6aad9b194429fcdbb872df6d5506418,78e899b9-5390-4aa9-9bd7-a990341ddcef,marketleverage,1,USD,P063,0.4598548360558701,6/1/2025,54d55e1434a3818f88039bc6dee9526d
69337930bd78d65b6cdeee6bd44ef15d,78e899b9-5390-4aa9-9bd7-a990341ddcef,marketleverage,1,USD,P064,0.4598548360558701,6/1/2025,b8e2199b4b68b4907d4ae17ff03106bb
871adc77cb783a6aa784fc5733293997,78e899b9-5390-4aa9-9bd7-a990341ddcef,marketleverage,1,USD,P065,0.4598548360558701,6/1/2025,0f241542adeee353d8f89569d86eeef1
7b16e51fc50b253127de50bc33743e60,78e899b9-5390-4aa9-9bd7-a990341ddcef,marketleverage,1,USD,P066,0.4598548360558701,6/1/2025,83ac6f810014e995f2e422c1c1663f9a
c8d2721b9b676ae8fe85fcc4ccbbf5f1,78e899b9-5390-4aa9-9bd7-a990341ddcef,marketleverage,1,USD,P067,0.4598548360558701,6/1/2025,7e10f0d8ac99c7709fc223a9f82e5a7a
96866080bb6c0129d967adafdef1d551,78e899b9-5390-4aa9-9bd7-a990341ddcef,marketleverage,1,USD,P068,0.4598548360558701,6/1/2025,5231bf7a844344f481745050946733b9
ba0db2a47ce2c3ea419a56f00463ee71,78e899b9-5390-4aa9-9bd7-a990341ddcef,marketleverage,1,USD,P069,0.4598548360558701,6/1/2025,1afd85b9b40e132798aae40d6c63c93a
5ae9a98fbf0e5f0bbc1cfd63c5de3a93,78e899b9-5390-4aa9-9bd7-a990341ddcef,marketleverage,1,USD,P070,0.4598548360558701,6/1/2025,fc8acb96d309e759dc98701beeb90d6a
9d07c2c1c81a31790789852ab1e6568e,78e899b9-5390-4aa9-9bd7-a990341ddcef,marketleverage,1,USD,P071,0.4598548360558701,6/1/2025,0ea0538ada1ce378010c18684593a64f
3697e9b95c782fcee721172d8e1266c1,78e899b9-5390-4aa9-9bd7-a990341ddcef,marketleverage,1,USD,P072,0.4598548360558701,6/1/2025,e427b0690ebc1711a46574f3e3054550
fd7bcef8f628403da5ecd7717d7d1727,78e899b9-5390-4aa9-9bd7-a990341ddcef,marketleverage,1,USD,P073,0.4598548360558701,6/1/2025,d31745627d33c9b3efc8e15d57d94f22
a8a2bd09253066a7f8a3cb7592916cb7,78e899b9-5390-4aa9-9bd7-a990341ddcef,marketleverage,1,USD,P074,0.4598548360558701,6/1/2025,b4f16b59a62d80e43fb39d6cc7dd7ce5
996cf8840b26d258826d4f3ad75e7507,78e899b9-5390-4aa9-9bd7-a990341ddcef,marketleverage,1,USD,P075,0.4598548360558701,6/1/2025,6de842cf01c5efd517ed2f6935efc9f2
c1056f2c794653d4bd692773baed1366,78e899b9-5390-4aa9-9bd7-a990341ddcef,marketleverage,1,USD,P076,0.4598548360558701,6/1/2025,6cfa007c0abb096807656734ffaf78f9
416a3501323209084c2fd3429b0f97a1,78e899b9-5390-4aa9-9bd7-a990341ddcef,marketleverage,1,USD,P077,0.4598548360558701,6/1/2025,6ac070e532148b0e94cf5e8c1e4de59f
7433cf80c5aee70dcdf391e588852359,78e899b9-5390-4aa9-9bd7-a990341ddcef,marketleverage,1,USD,P078,0.4598548360558701,6/1/2025,a2e79eaeb6a9df3f8db72bb32d9b2893
377a3e3811ed28508101e8271faf9ee5,78e899b9-5390-4aa9-9bd7-a990341ddcef,marketleverage,1,USD,P079,0.4598548360558701,6/1/2025,c07a5904988b95938dd12349d9e3e950
7d15d3b5bae6a8dad9e3f84aa8f37f9f,78e899b9-5390-4aa9-9bd7-a990341ddcef,marketleverage,1,USD,P080,0.4598548360558701,6/1/2025,5cff2948d3ae05f6ef3670836fabc3c6
7fd4aa3417df8cf85d54f5cf8af589ad,78e899b9-5390-4aa9-9bd7-a990341ddcef,marketleverage,1,USD,P081,0.4598548360558701,6/1/2025,c2fae603813d4290da62209b643c2baf
1c05008608327b5a7aa51345d1d86765,78e899b9-5390-4aa9-9bd7-a990341ddcef,marketleverage,1,USD,P082,0.4598548360558701,6/1/2025,16f76fff82d610da67e9e9b7b25ece16
30dec3d86063610a579b3bdbcc8822fd,78e899b9-5390-4aa9-9bd7-a990341ddcef,marketleverage,1,USD,P083,0.4598548360558701,6/1/2025,c56489357f4f52016b87b876c67b31dd
2d31ef75085f8add6ede7130c17adff7,78e899b9-5390-4aa9-9bd7-a990341ddcef,marketleverage,1,USD,P084,0.4598548360558701,6/1/2025,ff44b44d6241005cb1b52c70245683da
6298ba2c7c8f8d863b94268411a37a88,78e899b9-5390-4aa9-9bd7-a990341ddcef,marketleverage,1,USD,P085,0.4598548360558701,6/1/2025,2335d4c500700adae0527d1e43fd0239
ca810a5a6c55e3fdfebbefbf4fcdb20a,78e899b9-5390-4aa9-9bd7-a990341ddcef,marketleverage,1,USD,P086,0.4598548360558701,6/1/2025,d9da110b34076024df377e3f4f850443
0236d9377b743f971e9ddbfdeaa01db0,78e899b9-5390-4aa9-9bd7-a990341ddcef,marketleverage,1,USD,P087,0.4598548360558701,6/1/2025,6bd70bda1ebaa1b8c4b063a10d096baa
d60d4fed4397c84d146b5fd10d4b5131,78e899b9-5390-4aa9-9bd7-a990341ddcef,marketleverage,1,USD,P088,0.4598548360558701,6/1/2025,a7198701f594cc09151b47e699ceb620
8afa47d416ac9c85357cf03ee6aa5199,78e899b9-5390-4aa9-9bd7-a990341ddcef,marketleverage,1,USD,P089,0.4598548360558701,6/1/2025,0a2c1183ba473217b4abf7c7dd1d6d76
ecdf957129095ab25cd6cf56a5f2b273,78e899b9-5390-4aa9-9bd7-a990341ddcef,marketleverage,1,USD,P090,0.4598548360558701,6/1/2025,4bcd429616b0e6a4670bc2e6a8609b02
9bebf67448a1607e3e84f0f9311aeca0,78e899b9-5390-4aa9-9bd7-a990341ddcef,marketleverage,1,USD,P091,0.4598548360558701,6/1/2025,cc41bf389e96c3573f888d83f4f4c4c6
645f349b0ed3e7a17feb8a3445d1113f,78e899b9-5390-4aa9-9bd7-a990341ddcef,marketleverage,1,USD,P092,0.4598548360558701,6/1/2025,2c313521d6520d5ca59e5f1c0f7a68ad
821e3e1343d0f2777ab1082657a57489,78e899b9-5390-4aa9-9bd7-a990341ddcef,marketleverage,1,USD,P093,0.4598548360558701,6/1/2025,a341456b5e22c57969fa3e9a5b030137
8ed2eda078dbfb58437bb0a518a54031,78e899b9-5390-4aa9-9bd7-a990341ddcef,marketleverage,1,USD,P094,0.4598548360558701,6/1/2025,9fd421cb5e57bcceae706547631b6167
ea7e4a675cd9ef9d9b481c155976ea7b,78e899b9-5390-4aa9-9bd7-a990341ddcef,marketleverage,1,USD,P095,0.4598548360558701,6/1/2025,b01283c5f26025a9aa42081b240afc47
c96997df5534bc2cbe1dcb137a8bb770,78e899b9-5390-4aa9-9bd7-a990341ddcef,marketleverage,1,USD,P096,0.4598548360558701,6/1/2025,ebdba9906229b1894c7855455d2a5422
a37c4b388d7db832c81313d64945735e,78e899b9-5390-4aa9-9bd7-a990341ddcef,marketleverage,1,USD,P097,0.4598548360558701,6/1/2025,afa31cb724118dac8427f525f9d9d5ea
4aa7ea13f435792a25314b22618030b1,78e899b9-5390-4aa9-9bd7-a990341ddcef,marketleverage,1,USD,P098,0.4598548360558701,6/1/2025,2496d30f35a3093438042b24e416f394
fc899c984ef74f818274dd3285c8a916,78e899b9-5390-4aa9-9bd7-a990341ddcef,marketleverage,1,USD,P099,0.4598548360558701,6/1/2025,0d10a3058ea202c726d025b8d9aca1ac
cb7e96e8fd2df38c80e190476d61f464,78e899b9-5390-4aa9-9bd7-a990341ddcef,marketleverage,1,USD,P100,0.4598548360558701,6/1/2025,3bdf5f22819fa0c882000fc3864b7a32
6472fc37d5c115414cffd4f398318183,78ed3b90-89b8-4ff3-83fb-a15c1c3cf0ca,marketleverage,1,USD,min_pd_drivers_listed,0.16890437682681808,6/1/2025,d57193c02ac3d2ade70712472f92741c
c21b45f20e7e24e94a12566437f9f84f,78ed3b90-89b8-4ff3-83fb-a15c1c3cf0ca,marketleverage,1,USD,avg,0.16890437682681808,6/1/2025,869aeeee55d1d9fe3f4ae59fef306f38
7829f9b10622911e767e7927a19a3605,78ed3b90-89b8-4ff3-83fb-a15c1c3cf0ca,marketleverage,1,USD,max_pd_drivers_listed,0.16890437682681808,6/1/2025,ddc1188c440aa30a7e71bc052787ff24
76ed6e1ce613701af255c497676a7e2f,78ed3b90-89b8-4ff3-83fb-a15c1c3cf0ca,marketleverage,1,USD,P001,0.16890437682681808,6/1/2025,f02b63048ab941cfe3ae72107c87a9e1
74709c96b163ded8a24d39cc9c7a0fe3,78ed3b90-89b8-4ff3-83fb-a15c1c3cf0ca,marketleverage,1,USD,P002,0.16890437682681808,6/1/2025,8767f34604c8e81d70a68167887c720c
f7801ee88fe14057632fa2cd4bc6bcf4,78ed3b90-89b8-4ff3-83fb-a15c1c3cf0ca,marketleverage,1,USD,P003,0.16890437682681808,6/1/2025,c3a22ff44238180dbb6f2ac085a98a09
c52bd0ecba1129e905a8832d7a1d64c8,78ed3b90-89b8-4ff3-83fb-a15c1c3cf0ca,marketleverage,1,USD,P004,0.16890437682681808,6/1/2025,62f6d9890e5da73d836927cdb0202031
cf0a4ddea968c71490cd655e3c84e635,78ed3b90-89b8-4ff3-83fb-a15c1c3cf0ca,marketleverage,1,USD,P005,0.16890437682681808,6/1/2025,cccbd89a4c20f0fc99644e0a14f4e062
799b17545c361f7fd89142628dd5695c,78ed3b90-89b8-4ff3-83fb-a15c1c3cf0ca,marketleverage,1,USD,P006,0.16890437682681808,6/1/2025,c64609aa29958cb82628ac2b7803c534
84eeab7738412ef7cf9205ac094a6ba7,78ed3b90-89b8-4ff3-83fb-a15c1c3cf0ca,marketleverage,1,USD,P007,0.16890437682681808,6/1/2025,10968ae3931eda353d635db8ac6a42a5
78408de3117311e33526d540144aa414,78ed3b90-89b8-4ff3-83fb-a15c1c3cf0ca,marketleverage,1,USD,P008,0.16890437682681808,6/1/2025,0b2dce2731304559069ed447e303eb34
516bf0195d290d88e47f7c57a2852b1f,78ed3b90-89b8-4ff3-83fb-a15c1c3cf0ca,marketleverage,1,USD,P009,0.16890437682681808,6/1/2025,66760544ac9a19e61359332b85bfc292
3d243e721d4d4bfc1bcc5b2b8f3902d3,78ed3b90-89b8-4ff3-83fb-a15c1c3cf0ca,marketleverage,1,USD,P010,0.16890437682681808,6/1/2025,7128d75eebf2d57db47acf79abd15847
8ee902f52ddd397ea86c229e0f9a8341,78ed3b90-89b8-4ff3-83fb-a15c1c3cf0ca,marketleverage,1,USD,P011,0.16890437682681808,6/1/2025,a1f35a99a21210d848038bf870a6a796
72ab2f39cb323dbb96bdd986f103d5f1,78ed3b90-89b8-4ff3-83fb-a15c1c3cf0ca,marketleverage,1,USD,P012,0.16890437682681808,6/1/2025,94d695ba3eb0d913b9aca3307b2cb8c9
5a6aed06643f36fe68c62547931ca3a8,78ed3b90-89b8-4ff3-83fb-a15c1c3cf0ca,marketleverage,1,USD,P013,0.16890437682681808,6/1/2025,0cd75c537fbbb2378edf88ef04da5434
8ce7763cd56830329a398c1c4bc11ace,78ed3b90-89b8-4ff3-83fb-a15c1c3cf0ca,marketleverage,1,USD,P014,0.16890437682681808,6/1/2025,644347eafb46f4305f9a38c7ee8ee297
de8c1ce42178085ed002b14ca52417fb,78ed3b90-89b8-4ff3-83fb-a15c1c3cf0ca,marketleverage,1,USD,P015,0.16890437682681808,6/1/2025,b26cce99c0076201c1adb7775b7794ea
df8ac658409ec2397df4df59a581d0cf,78ed3b90-89b8-4ff3-83fb-a15c1c3cf0ca,marketleverage,1,USD,P016,0.16890437682681808,6/1/2025,f8bde34418b95145970cade766e73ebe
a36a36979a52c4cb5bfaed7987943bc0,78ed3b90-89b8-4ff3-83fb-a15c1c3cf0ca,marketleverage,1,USD,P017,0.16890437682681808,6/1/2025,3ebe20c55bedb43a1f176fcd42647683
6de145ce994a4e0bffab91ddfba13767,78ed3b90-89b8-4ff3-83fb-a15c1c3cf0ca,marketleverage,1,USD,P018,0.16890437682681808,6/1/2025,c7fe46d052dd2b7e0c2920ab069a42c2
3ef9c020dc2029122323baf7fd98fe0c,78ed3b90-89b8-4ff3-83fb-a15c1c3cf0ca,marketleverage,1,USD,P019,0.16890437682681808,6/1/2025,2b8f7f70c71ac2dbcfb933f13b345be8
fb489569d789790487c76a780644966f,78ed3b90-89b8-4ff3-83fb-a15c1c3cf0ca,marketleverage,1,USD,P020,0.16890437682681808,6/1/2025,7da6a4035f3479b7228bc3060c4d4b8e
7d6a1bdb7f20a6fc4bd2aadf88bf2f7a,78ed3b90-89b8-4ff3-83fb-a15c1c3cf0ca,marketleverage,1,USD,P021,0.16890437682681808,6/1/2025,b51805d7dedf783102c7b8f6da80c318
1181ac9519c46476127161ab02cbf345,78ed3b90-89b8-4ff3-83fb-a15c1c3cf0ca,marketleverage,1,USD,P022,0.16890437682681808,6/1/2025,0aa16ffb520869eb3e6a0cc9f23587ed
5a00a62bbdda95f48ac0f9bef76c345d,78ed3b90-89b8-4ff3-83fb-a15c1c3cf0ca,marketleverage,1,USD,P023,0.16890437682681808,6/1/2025,3700b171ff5111b64a635a7a7583fbf9
a3f0b654f49cf971410053ab3e218ddd,78ed3b90-89b8-4ff3-83fb-a15c1c3cf0ca,marketleverage,1,USD,P024,0.16890437682681808,6/1/2025,c0da62b850c7b637888320bfdad8eabe
4eab6cc929df1143deb5b41a775fca3c,78ed3b90-89b8-4ff3-83fb-a15c1c3cf0ca,marketleverage,1,USD,P025,0.16890437682681808,6/1/2025,eab1b93b131e89016b04b7f8899c5ea2
7f7cd22afaf34dc5e8d1c42f54502fdf,78ed3b90-89b8-4ff3-83fb-a15c1c3cf0ca,marketleverage,1,USD,P026,0.16890437682681808,6/1/2025,10bb427f0fa1bfbb261129b9fd72c1cc
cfabbf429249cddc2ebd1d0f8b4c05bc,78ed3b90-89b8-4ff3-83fb-a15c1c3cf0ca,marketleverage,1,USD,P027,0.16890437682681808,6/1/2025,ee35ea12ac08749b86af9138c18d61c8
85489bbcc0eae6ebf1f314b8e81a04cd,78ed3b90-89b8-4ff3-83fb-a15c1c3cf0ca,marketleverage,1,USD,P028,0.16890437682681808,6/1/2025,3bf3e6c719a9bdd5a0a8fbecd8e5595f
82d67c9ca5b93a9920a0274f43b96ec9,78ed3b90-89b8-4ff3-83fb-a15c1c3cf0ca,marketleverage,1,USD,P029,0.16890437682681808,6/1/2025,297061fbfd28bf655258135869e36450
2ef7bdef4ad291259947a7af1e38a663,78ed3b90-89b8-4ff3-83fb-a15c1c3cf0ca,marketleverage,1,USD,P030,0.16890437682681808,6/1/2025,ce379dd8cacb279967c7192f89fcafb0
21624c7c6926f7b5a77dfd22ce975133,78ed3b90-89b8-4ff3-83fb-a15c1c3cf0ca,marketleverage,1,USD,P031,0.16890437682681808,6/1/2025,101e87534f625437fca4499e2bbd88bd
396af3634b2a1370d6e11f7dacf0c948,78ed3b90-89b8-4ff3-83fb-a15c1c3cf0ca,marketleverage,1,USD,P032,0.16890437682681808,6/1/2025,6e2584cd2d67d7f3e8b26c561cefa83e
2c751096a85d9a39d8e7d760fb147035,78ed3b90-89b8-4ff3-83fb-a15c1c3cf0ca,marketleverage,1,USD,P033,0.16890437682681808,6/1/2025,03ee81082d1df7a8eabc20cdf282fa8b
6b2f47afbffae585dee3a5267f50c2eb,78ed3b90-89b8-4ff3-83fb-a15c1c3cf0ca,marketleverage,1,USD,P034,0.16890437682681808,6/1/2025,f0c63d1dbc7932fe05b0041fbcc24086
7970df893c11c2de28805c2a72ee753e,78ed3b90-89b8-4ff3-83fb-a15c1c3cf0ca,marketleverage,1,USD,P035,0.16890437682681808,6/1/2025,33c18d9c6076e617de526bbe91d5aeeb
0753e09bad7ced531817901324f58758,78ed3b90-89b8-4ff3-83fb-a15c1c3cf0ca,marketleverage,1,USD,P036,0.16890437682681808,6/1/2025,6138f2a39b8a956f156b044a71b19d17
fa42f9b83c489b118338cb2663c5ec7e,78ed3b90-89b8-4ff3-83fb-a15c1c3cf0ca,marketleverage,1,USD,P037,0.16890437682681808,6/1/2025,052ecb5a904f6c4230b71f922b4c56c2
4e668c7dba2a6a0624084ebaa1abb1ff,78ed3b90-89b8-4ff3-83fb-a15c1c3cf0ca,marketleverage,1,USD,P038,0.16890437682681808,6/1/2025,e14fbdf50a8ed2790d35ffb9806366e4
31a6c60eff8bd77d1f512fa14757b41f,78ed3b90-89b8-4ff3-83fb-a15c1c3cf0ca,marketleverage,1,USD,P039,0.16890437682681808,6/1/2025,81b707cc52c67462538c7f2950dc60a7
3f8224bdfa5def814976f6c6cc62470b,78ed3b90-89b8-4ff3-83fb-a15c1c3cf0ca,marketleverage,1,USD,P040,0.16890437682681808,6/1/2025,d44a4999eb2335e2e5dacf3c86474b37
9c3f56493d5839086e74e6e3dca90c56,78ed3b90-89b8-4ff3-83fb-a15c1c3cf0ca,marketleverage,1,USD,P041,0.16890437682681808,6/1/2025,f842e38330a2f56d3eaee10b9c8c7a91
934c49ae2d3b5b0bf043c205735170c1,78ed3b90-89b8-4ff3-83fb-a15c1c3cf0ca,marketleverage,1,USD,P042,0.16890437682681808,6/1/2025,8ea3c62a780b486a7a004ffb3d223282
36f08ec7b4c6988fbe0dff9e18bc83ea,78ed3b90-89b8-4ff3-83fb-a15c1c3cf0ca,marketleverage,1,USD,P043,0.16890437682681808,6/1/2025,7d308171158777cd43648f8b6c93b101
e26b81db2c104dfcfe05849c2abc4ba5,78ed3b90-89b8-4ff3-83fb-a15c1c3cf0ca,marketleverage,1,USD,P044,0.16890437682681808,6/1/2025,10cbc05f37feff47232bca9887a4627d
aae6e9b47e68e1e79478babac0440d70,78ed3b90-89b8-4ff3-83fb-a15c1c3cf0ca,marketleverage,1,USD,P045,0.16890437682681808,6/1/2025,8d6c75e771262e388183da890fec7401
a7124547ed6f8a18384f857c766a8a61,78ed3b90-89b8-4ff3-83fb-a15c1c3cf0ca,marketleverage,1,USD,P046,0.16890437682681808,6/1/2025,8405c4b53fa86cb0d9d74691374a89e9
6000b5908306d0204ce18498139293ef,78ed3b90-89b8-4ff3-83fb-a15c1c3cf0ca,marketleverage,1,USD,P047,0.16890437682681808,6/1/2025,603dfa148a69bc159e12fe9e7a5af891
df22af167eb2ca77fa75b541673b6feb,78ed3b90-89b8-4ff3-83fb-a15c1c3cf0ca,marketleverage,1,USD,P048,0.16890437682681808,6/1/2025,173c76e86e73345199cef8654c831781
ae85cd5f35e1b44c3239ac7ecad5a372,78ed3b90-89b8-4ff3-83fb-a15c1c3cf0ca,marketleverage,1,USD,P049,0.16890437682681808,6/1/2025,d9e4f7dad4b24449f88bd382195c27e1
f648d5851d6605169095bac2f431ec3e,78ed3b90-89b8-4ff3-83fb-a15c1c3cf0ca,marketleverage,1,USD,P050,0.16890437682681808,6/1/2025,1f4b42435eaaef642e7cbc55be366131
f109f1722f4d8c8ca06b85e8cb773dd0,78ed3b90-89b8-4ff3-83fb-a15c1c3cf0ca,marketleverage,1,USD,P051,0.16890437682681808,6/1/2025,c741ec080661109b7ec0853b10189040
e4c6a53bb7ab1a38d53cf911d4ac6192,78ed3b90-89b8-4ff3-83fb-a15c1c3cf0ca,marketleverage,1,USD,P052,0.16890437682681808,6/1/2025,d04482d88318c08878f4c30f6469f43f
3f115f9b366f81be6461fdadacc64644,78ed3b90-89b8-4ff3-83fb-a15c1c3cf0ca,marketleverage,1,USD,P053,0.16890437682681808,6/1/2025,03cbc99723e8a8a3518a5db1ded415d6
6b725b06c809bcfb15042c99b3d21847,78ed3b90-89b8-4ff3-83fb-a15c1c3cf0ca,marketleverage,1,USD,P054,0.16890437682681808,6/1/2025,b02a38b8b7cc448636e521cb167815cc
74e3a316b08fdac961f34836c0e8705a,78ed3b90-89b8-4ff3-83fb-a15c1c3cf0ca,marketleverage,1,USD,P055,0.16890437682681808,6/1/2025,b76372443160eb1fb0cd2ec3a3674113
42c592483416af3f6465d0c3352f68d3,78ed3b90-89b8-4ff3-83fb-a15c1c3cf0ca,marketleverage,1,USD,P056,0.16890437682681808,6/1/2025,ba4bbfd3ed9876e33e64311712237560
69bc74ebdba1d0a8699663d38da79458,78ed3b90-89b8-4ff3-83fb-a15c1c3cf0ca,marketleverage,1,USD,P057,0.16890437682681808,6/1/2025,1a75a329c1308b12bdbaf9b221cf011a
730b882ae3d32b9bcf1f6a44ad604f62,78ed3b90-89b8-4ff3-83fb-a15c1c3cf0ca,marketleverage,1,USD,P058,0.16890437682681808,6/1/2025,2d446a864b5143aa041862f1bf0e444f
778c4b30cff6aa9b64933b727aa7679e,78ed3b90-89b8-4ff3-83fb-a15c1c3cf0ca,marketleverage,1,USD,P059,0.16890437682681808,6/1/2025,023fccee41533c7deccab0152afce6a1
4a3ddae40f3c8297d3fb5beb175313e8,78ed3b90-89b8-4ff3-83fb-a15c1c3cf0ca,marketleverage,1,USD,P060,0.16890437682681808,6/1/2025,5d22a7a654a7e2409227a5f9a873fc73
691bd248c6c4e6827173102bdde35c15,78ed3b90-89b8-4ff3-83fb-a15c1c3cf0ca,marketleverage,1,USD,P061,0.16890437682681808,6/1/2025,b93cc85ec20f853794e22e840d4adf5b
19907f2a8c1b3da75f970fe5718c253c,78ed3b90-89b8-4ff3-83fb-a15c1c3cf0ca,marketleverage,1,USD,P062,0.16890437682681808,6/1/2025,936503398f62e8ebd6f0359d3624b61c
b1b980054c64010a69509856162be389,78ed3b90-89b8-4ff3-83fb-a15c1c3cf0ca,marketleverage,1,USD,P063,0.16890437682681808,6/1/2025,f1f75e841abddd7f716133378d645376
e2fc75c02df692c7f682d9ad25206ec9,78ed3b90-89b8-4ff3-83fb-a15c1c3cf0ca,marketleverage,1,USD,P064,0.16890437682681808,6/1/2025,c640815102e70a4545e4c5a5d26f4a6c
dd4b1f48fdb2ad3f309aff203cdfc893,78ed3b90-89b8-4ff3-83fb-a15c1c3cf0ca,marketleverage,1,USD,P065,0.16890437682681808,6/1/2025,cb7e4d08393b659c57f5b299e86f6ff4
393e7898fc0850c9b1a30027e657ef48,78ed3b90-89b8-4ff3-83fb-a15c1c3cf0ca,marketleverage,1,USD,P066,0.16890437682681808,6/1/2025,6646cfb9ba15472703ed8566a37af625
d4a4d14d7f3d6556c37b9ee763d71d9e,78ed3b90-89b8-4ff3-83fb-a15c1c3cf0ca,marketleverage,1,USD,P067,0.16890437682681808,6/1/2025,783a2df8353970c4abff409e1e3d7376
f3370e5de85ea6ab48db5e62a2426ed0,78ed3b90-89b8-4ff3-83fb-a15c1c3cf0ca,marketleverage,1,USD,P068,0.16890437682681808,6/1/2025,04fefe5a0375c4f5a156dcc89685bd24
a3011032f6721ed7b72b64425937af7c,78ed3b90-89b8-4ff3-83fb-a15c1c3cf0ca,marketleverage,1,USD,P069,0.16890437682681808,6/1/2025,f88e90754666b0e643b720e5186652c7
701e2a19fc683d36938a0e0b5000f0a2,78ed3b90-89b8-4ff3-83fb-a15c1c3cf0ca,marketleverage,1,USD,P070,0.16890437682681808,6/1/2025,7ec77a24ec685bac00861641ed9a4df3
46ea8198a13cc8a15dd1188f8c95c249,78ed3b90-89b8-4ff3-83fb-a15c1c3cf0ca,marketleverage,1,USD,P071,0.16890437682681808,6/1/2025,5a60f3791b2ead5f4bb3ffada7277c3e
5fcf2acdb626547962b160c4e4a6da66,78ed3b90-89b8-4ff3-83fb-a15c1c3cf0ca,marketleverage,1,USD,P072,0.16890437682681808,6/1/2025,e8240652bf7f7f29c9543c0facc679e6
3ecd87a7f1270abfbf1d839171619eff,78ed3b90-89b8-4ff3-83fb-a15c1c3cf0ca,marketleverage,1,USD,P073,0.16890437682681808,6/1/2025,78c71ef6c9477800d25aa91c0b1af0c7
2e114926ba3bfeb1cf7e6274837de663,78ed3b90-89b8-4ff3-83fb-a15c1c3cf0ca,marketleverage,1,USD,P074,0.16890437682681808,6/1/2025,cee6b50bf6250df59112c0cc41b47d0f
91a61afd15407e76fc63d15efccdc6a9,78ed3b90-89b8-4ff3-83fb-a15c1c3cf0ca,marketleverage,1,USD,P075,0.16890437682681808,6/1/2025,07c86cc803df5009bccc13b4c79df9c5
8ef8ccccbdc44dabd1594f72a4651b10,78ed3b90-89b8-4ff3-83fb-a15c1c3cf0ca,marketleverage,1,USD,P076,0.16890437682681808,6/1/2025,a5e024bdc2573b748525e80004e1bb74
edda5f034259c39e65c38d7a09cc20eb,78ed3b90-89b8-4ff3-83fb-a15c1c3cf0ca,marketleverage,1,USD,P077,0.16890437682681808,6/1/2025,2f9956ee6c1e5d0d6b92cc4bf7ccc7b1
304995d22d053cca8df8edfe0ba6b9f3,78ed3b90-89b8-4ff3-83fb-a15c1c3cf0ca,marketleverage,1,USD,P078,0.16890437682681808,6/1/2025,6091629274eb563477b01179b2348ad8
5933b09024edcb64309a309b2d1a50bc,78ed3b90-89b8-4ff3-83fb-a15c1c3cf0ca,marketleverage,1,USD,P079,0.16890437682681808,6/1/2025,f917fb42a9622ddc87b405383ba05cec
3a780475cfe3fdd664c312632694d8a5,78ed3b90-89b8-4ff3-83fb-a15c1c3cf0ca,marketleverage,1,USD,P080,0.16890437682681808,6/1/2025,28393d021bf6b680950b85882acad06c
b29630777bb3f8194245896e1d6eaa65,78ed3b90-89b8-4ff3-83fb-a15c1c3cf0ca,marketleverage,1,USD,P081,0.16890437682681808,6/1/2025,8e34bd30dd9bdea99b48210d1e774847
0881a5fb780c8bc4688d63d220a3c1d7,78ed3b90-89b8-4ff3-83fb-a15c1c3cf0ca,marketleverage,1,USD,P082,0.16890437682681808,6/1/2025,340adba356efdd9e367027492a3239d8
ffad0077f87a38b5f3d616ba59d9379f,78ed3b90-89b8-4ff3-83fb-a15c1c3cf0ca,marketleverage,1,USD,P083,0.16890437682681808,6/1/2025,dd2eb70239d3eb1d42255a0950b2a85e
8cb626296a247ed2e1c27654baf1f3f6,78ed3b90-89b8-4ff3-83fb-a15c1c3cf0ca,marketleverage,1,USD,P084,0.16890437682681808,6/1/2025,1476b879650df5db150f77476b7396cc
079a2f8c058d58981c0b0ca59ae1b198,78ed3b90-89b8-4ff3-83fb-a15c1c3cf0ca,marketleverage,1,USD,P085,0.16890437682681808,6/1/2025,e9b37afe004fbd45b1e0bf9e0acd187c
1da988004283115a35aab52e4eed9725,78ed3b90-89b8-4ff3-83fb-a15c1c3cf0ca,marketleverage,1,USD,P086,0.16890437682681808,6/1/2025,3c5e6eb18fb34e48142d553c37f649af
775c86f1744c255101abfaaa95fea0ad,78ed3b90-89b8-4ff3-83fb-a15c1c3cf0ca,marketleverage,1,USD,P087,0.16890437682681808,6/1/2025,48b6855c9600b0572bab7218a229194a
390ee1c5b6196cd1de9736d2173b1af3,78ed3b90-89b8-4ff3-83fb-a15c1c3cf0ca,marketleverage,1,USD,P088,0.16890437682681808,6/1/2025,4ae9650e5d3860cd00bf80b26b5e6c64
09e9c9878cc7e862c22efb29c588892c,78ed3b90-89b8-4ff3-83fb-a15c1c3cf0ca,marketleverage,1,USD,P089,0.16890437682681808,6/1/2025,16773b6a54209deeb3f745ae1f9499a6
7da01e79f53cc53550d788e30181d8e6,78ed3b90-89b8-4ff3-83fb-a15c1c3cf0ca,marketleverage,1,USD,P090,0.16890437682681808,6/1/2025,748611affbca3fd3405313cdc51796e1
5cd3997ed8563a78b4b2dd6e9898dcb4,78ed3b90-89b8-4ff3-83fb-a15c1c3cf0ca,marketleverage,1,USD,P091,0.16890437682681808,6/1/2025,b13ff4b1d419ea211a1a182ee81ccdc4
23596449269b7a9e42b8700bb224cc7f,78ed3b90-89b8-4ff3-83fb-a15c1c3cf0ca,marketleverage,1,USD,P092,0.16890437682681808,6/1/2025,2fc6b7e04bcff2b3a78f51a7d12a8d24
78e1007c414a33e6b372af9993babb87,78ed3b90-89b8-4ff3-83fb-a15c1c3cf0ca,marketleverage,1,USD,P093,0.16890437682681808,6/1/2025,cff4b9b0441a7741e447f4edd8a178fd
01f2c1c0f7b8c1f86a8e5cbdb6fde0f9,78ed3b90-89b8-4ff3-83fb-a15c1c3cf0ca,marketleverage,1,USD,P094,0.16890437682681808,6/1/2025,aa33aaa045b8ae32d9286f8c6bf290bd
cfcfff681f90a50c13245431041517c0,78ed3b90-89b8-4ff3-83fb-a15c1c3cf0ca,marketleverage,1,USD,P095,0.16890437682681808,6/1/2025,7768485daebfccea0967b5aa5ea139c9
f352e09a1010ad910f86472a1a78b1df,78ed3b90-89b8-4ff3-83fb-a15c1c3cf0ca,marketleverage,1,USD,P096,0.16890437682681808,6/1/2025,303e63e1d20da6208cb6d9941d28d4ce
e4a05afb5f698a7c86044aa3438f23a0,78ed3b90-89b8-4ff3-83fb-a15c1c3cf0ca,marketleverage,1,USD,P097,0.16890437682681808,6/1/2025,4b363a923c907021d62ca40500045297
c7bfce97add5b5424de23c18d94b831a,78ed3b90-89b8-4ff3-83fb-a15c1c3cf0ca,marketleverage,1,USD,P098,0.16890437682681808,6/1/2025,6e3b1d05c8fbac45d5d4902d49b0c543
7bd5b046d039dd973fdbcf9332e7fdbd,78ed3b90-89b8-4ff3-83fb-a15c1c3cf0ca,marketleverage,1,USD,P099,0.16890437682681808,6/1/2025,03f99678772c6581a7cae06d55a36b66
8bc72eb0fc59414b3c8247982c329408,78ed3b90-89b8-4ff3-83fb-a15c1c3cf0ca,marketleverage,1,USD,P100,0.16890437682681808,6/1/2025,bbd29723e04f19cf79bbfefd5306924d
d4bced96d1150f6d01ea891b0b187a25,7901b53d-fc60-433c-b9eb-9bc3ea7d1199,marketleverage,1,USD,min_pd_drivers_listed,0.1604152188861056,6/1/2025,b929384d8d330c9bc59718d3f40d1400
ab7c341594d47cabb46eb080b70a786c,7901b53d-fc60-433c-b9eb-9bc3ea7d1199,marketleverage,1,USD,avg,0.4488136999655746,6/1/2025,fb935d070289059a5710f13cf390f12c
29f2b9b959041580cd0a55bcf59a9ad2,7901b53d-fc60-433c-b9eb-9bc3ea7d1199,marketleverage,1,USD,max_pd_drivers_listed,0.8865916571164533,6/1/2025,01f4f47666463f3423b771e9572f38c7
83e88c569a584ca8d11ef039db3bd38c,7901b53d-fc60-433c-b9eb-9bc3ea7d1199,marketleverage,1,USD,P001,0.1604152188861056,6/1/2025,239b2f1b30523841a03c6df2c04605c1
ec03572ccfdc9ddd46bded6b12855a75,7901b53d-fc60-433c-b9eb-9bc3ea7d1199,marketleverage,1,USD,P002,0.1604152188861056,6/1/2025,57201065d2117b50ca4d08341afc648c
a027eb5e25a008b34ed4de223d056d53,7901b53d-fc60-433c-b9eb-9bc3ea7d1199,marketleverage,1,USD,P003,0.1604152188861056,6/1/2025,0eca4189561e18579fb86795c4757cfd
1b50eaac961f6dd46ee68e1e3fb98db6,7901b53d-fc60-433c-b9eb-9bc3ea7d1199,marketleverage,1,USD,P004,0.1604152188861056,6/1/2025,3f5773949ff4208cb472cbf3f5b0f220
e23666dfbae86313dd036bafd25fc4e6,7901b53d-fc60-433c-b9eb-9bc3ea7d1199,marketleverage,1,USD,P005,0.1604152188861056,6/1/2025,b8a4ffaab6496088afd55b97199d10b4
478d592ee0e7acc9cdf303d890f5b4ab,7901b53d-fc60-433c-b9eb-9bc3ea7d1199,marketleverage,1,USD,P006,0.1604152188861056,6/1/2025,57f51628e375f6e2019fbbd032e6e2d2
c14ddcd6374fea27cb2f1ee940b347a3,7901b53d-fc60-433c-b9eb-9bc3ea7d1199,marketleverage,1,USD,P007,0.1604152188861056,6/1/2025,35dd02e0fbb3a58f676ccb565e3418ff
1ab458567bdd302086d3c003ac058a28,7901b53d-fc60-433c-b9eb-9bc3ea7d1199,marketleverage,1,USD,P008,0.1604152188861056,6/1/2025,1a2501b91ff1ddf2efb0032321837c68
4a746621a1b2922929a2381a9cf90c58,7901b53d-fc60-433c-b9eb-9bc3ea7d1199,marketleverage,1,USD,P009,0.1604152188861056,6/1/2025,5396545f7b8c38ecaabbea1b32501163
f712d83cdf77f0c9598b36fd55877c04,7901b53d-fc60-433c-b9eb-9bc3ea7d1199,marketleverage,1,USD,P010,0.1604152188861056,6/1/2025,ea83b48e521cc64511188acdabfe1104
cf775d1e2674083bc24d03f9fcb8c13d,7901b53d-fc60-433c-b9eb-9bc3ea7d1199,marketleverage,1,USD,P011,0.1604152188861056,6/1/2025,720289c922066316f3aabbf5e8c0abc7
26e2578e54fec73b9d6be45b195ade59,7901b53d-fc60-433c-b9eb-9bc3ea7d1199,marketleverage,1,USD,P012,0.1604152188861056,6/1/2025,fc5e35dffba8f4ce4274e3b6b1a1120d
974f39adfe9f000da73be3fd016c8381,7901b53d-fc60-433c-b9eb-9bc3ea7d1199,marketleverage,1,USD,P013,0.1604152188861056,6/1/2025,bdb124004e91b30addc5be9abb7fdc1a
3a70e8cc85712a4ed005c09d902bad3a,7901b53d-fc60-433c-b9eb-9bc3ea7d1199,marketleverage,1,USD,P014,0.1604152188861056,6/1/2025,7dead108204808d28edb72300318b372
9f0a9ed3e9144807e48fe5fd2f48a8f2,7901b53d-fc60-433c-b9eb-9bc3ea7d1199,marketleverage,1,USD,P015,0.18279514082976558,6/1/2025,459f65a87dccf89ee737a07afc7b830b
a6d988babd0edd2a81880de5f75eedf8,7901b53d-fc60-433c-b9eb-9bc3ea7d1199,marketleverage,1,USD,P016,0.18279514082976558,6/1/2025,c702a772ac415fb3fc5a66ba0e9f223f
c05dc7cd1ca8ab53019f7e71fefd7568,7901b53d-fc60-433c-b9eb-9bc3ea7d1199,marketleverage,1,USD,P017,0.18279514082976558,6/1/2025,34407b55096afe771af6cdac7a018afd
4b2cfd439de31997c786d5b8500483f1,7901b53d-fc60-433c-b9eb-9bc3ea7d1199,marketleverage,1,USD,P018,0.18279514082976558,6/1/2025,c1b96cc13448736c7b3aac1ec3b3fdc9
e8a86fdc0ea80485f5d0a62b07269f29,7901b53d-fc60-433c-b9eb-9bc3ea7d1199,marketleverage,1,USD,P019,0.18279514082976558,6/1/2025,4d1111a9b87fea3bac8388d165e0ead4
60fc0de74f0380f40183a5be1267e2da,7901b53d-fc60-433c-b9eb-9bc3ea7d1199,marketleverage,1,USD,P020,0.18279514082976558,6/1/2025,ea4683802f098020648e30915ed43cfa
ddbbc0cf8b240aaa90d8b483d257b56e,7901b53d-fc60-433c-b9eb-9bc3ea7d1199,marketleverage,1,USD,P021,0.18279514082976558,6/1/2025,91d692388eb54d1a4038a6dc33ac2ee1
ff62ea87c62d97221fb359599d778073,7901b53d-fc60-433c-b9eb-9bc3ea7d1199,marketleverage,1,USD,P022,0.18279514082976558,6/1/2025,4b491b9bf835c141bd4de729d7d133ce
7abfe38ed6dab8940ada09dd9716da66,7901b53d-fc60-433c-b9eb-9bc3ea7d1199,marketleverage,1,USD,P023,0.18279514082976558,6/1/2025,3793aff8163432d504789cdcbc12f737
16500ccae0b4fdefd0271da6ac93f973,7901b53d-fc60-433c-b9eb-9bc3ea7d1199,marketleverage,1,USD,P024,0.18279514082976558,6/1/2025,270c259476f286783cc63dae0e97867d
d28755532fc337dc299e9176cbc545b7,7901b53d-fc60-433c-b9eb-9bc3ea7d1199,marketleverage,1,USD,P025,0.18279514082976558,6/1/2025,90b0d30440c0f676cd6c093ec67c770f
824af64601155976610dc2b2b33150cd,7901b53d-fc60-433c-b9eb-9bc3ea7d1199,marketleverage,1,USD,P026,0.18279514082976558,6/1/2025,39c596fc7dce94b0a93822833898d371
a4aefaaed267e53b45afb7c706392f79,7901b53d-fc60-433c-b9eb-9bc3ea7d1199,marketleverage,1,USD,P027,0.18279514082976558,6/1/2025,022496e4015d6531e99545444ed6efae
a9e9696242646039ced6e084b743b84a,7901b53d-fc60-433c-b9eb-9bc3ea7d1199,marketleverage,1,USD,P028,0.18279514082976558,6/1/2025,a5f2d948e33ff5ffff49bc0b026fabc3
75f0c369f568d535ffa665326b752dfa,7901b53d-fc60-433c-b9eb-9bc3ea7d1199,marketleverage,1,USD,P029,0.3481649854251972,6/1/2025,59427f80ab975cf2f26f32f4bb3dfa50
89d05430ebb835a90164136267336df4,7901b53d-fc60-433c-b9eb-9bc3ea7d1199,marketleverage,1,USD,P030,0.3481649854251972,6/1/2025,21162cf431ead58713a4437a264f64ef
7a96f448b7c5f3c849ff1592ce7b1424,7901b53d-fc60-433c-b9eb-9bc3ea7d1199,marketleverage,1,USD,P031,0.3481649854251972,6/1/2025,c1b63ebde644b3ad06aea2dd79588e6b
d6123412857c968ef1ad02dcae2159f5,7901b53d-fc60-433c-b9eb-9bc3ea7d1199,marketleverage,1,USD,P032,0.3481649854251972,6/1/2025,1086602c09d5051669691185888b4c31
0d7d0208452df6b5e66807224905c316,7901b53d-fc60-433c-b9eb-9bc3ea7d1199,marketleverage,1,USD,P033,0.3481649854251972,6/1/2025,92b65c16d7e4242fd11c03a20e3f4057
60965fab0cdd7f9dde9685b6ff9615a1,7901b53d-fc60-433c-b9eb-9bc3ea7d1199,marketleverage,1,USD,P034,0.3481649854251972,6/1/2025,216837963f982c6620f178ee0496afc9
4a5fab1298ac3a5e7db4c45e8c9014ed,7901b53d-fc60-433c-b9eb-9bc3ea7d1199,marketleverage,1,USD,P035,0.3481649854251972,6/1/2025,2190c271aa8258eac5b4789ca283daf9
d0613916e5bf5d403addd6a2784386b9,7901b53d-fc60-433c-b9eb-9bc3ea7d1199,marketleverage,1,USD,P036,0.3481649854251972,6/1/2025,3a6ee6c7b6264b17872edf3eaed2e4d0
e27b34fd79c0a8e97dc5599e0b253573,7901b53d-fc60-433c-b9eb-9bc3ea7d1199,marketleverage,1,USD,P037,0.3481649854251972,6/1/2025,32794610c35a7eda6a6d60800054b1d4
a854c4dd7b33db38c0e08e315c667fba,7901b53d-fc60-433c-b9eb-9bc3ea7d1199,marketleverage,1,USD,P038,0.3481649854251972,6/1/2025,a735c22919fe170fb009faa0360f9066
52117d9660ddd67bce24cf4d1223eefa,7901b53d-fc60-433c-b9eb-9bc3ea7d1199,marketleverage,1,USD,P039,0.3481649854251972,6/1/2025,95c9547e9cfa6538ae4bfb53cb11de8b
dec6b00e9cc421a49e8781dce4439e4e,7901b53d-fc60-433c-b9eb-9bc3ea7d1199,marketleverage,1,USD,P040,0.3481649854251972,6/1/2025,e0fc7c590eff49d5bad157484197e2fb
2bc08ba0fe7b80f0e55da05c3a927083,7901b53d-fc60-433c-b9eb-9bc3ea7d1199,marketleverage,1,USD,P041,0.3481649854251972,6/1/2025,473b76e7342f14d2e609b2d52a3abcaa
c83ffcc7f9031246fdbf606b1766e163,7901b53d-fc60-433c-b9eb-9bc3ea7d1199,marketleverage,1,USD,P042,0.3481649854251972,6/1/2025,36807e2247ab7f4cce0f092f8ed0cc2c
bfb414a234f946a8eee08cc2a8f1b631,7901b53d-fc60-433c-b9eb-9bc3ea7d1199,marketleverage,1,USD,P043,0.3853124112292007,6/1/2025,df22fbdf53d5b0f9b997f2d4d99f4e40
f0ff5783cf6d39b9d7d5f01f56b04922,7901b53d-fc60-433c-b9eb-9bc3ea7d1199,marketleverage,1,USD,P044,0.3853124112292007,6/1/2025,b97f3b5c5a17a183c338c766885e8f10
f213348b0402fa67eb57dfbff2f7efb2,7901b53d-fc60-433c-b9eb-9bc3ea7d1199,marketleverage,1,USD,P045,0.3853124112292007,6/1/2025,8f4023ee2acde6be1ef32fbe44982031
b4543a87b3252b020bd2dc24008c27ab,7901b53d-fc60-433c-b9eb-9bc3ea7d1199,marketleverage,1,USD,P046,0.3853124112292007,6/1/2025,77146ae223bd0558ad9cd6fa3ec54cdc
d76272bb47b23dc5dae2f9295ccc453a,7901b53d-fc60-433c-b9eb-9bc3ea7d1199,marketleverage,1,USD,P047,0.3853124112292007,6/1/2025,62d007b75be828ee2a7b81fdc47d578a
e1db7f70a635fde837825856a911ea82,7901b53d-fc60-433c-b9eb-9bc3ea7d1199,marketleverage,1,USD,P048,0.3853124112292007,6/1/2025,974271c927cab0391747866e97f9bd1e
7d1ab050c21b936f341dcd038bc21213,7901b53d-fc60-433c-b9eb-9bc3ea7d1199,marketleverage,1,USD,P049,0.3853124112292007,6/1/2025,b9295e1bfffc7c1af2bc20513eea3c9e
e8249ac083a8bab32fe4f0a1d24cb647,7901b53d-fc60-433c-b9eb-9bc3ea7d1199,marketleverage,1,USD,P050,0.3853124112292007,6/1/2025,2bcf706ceef9fd3644d9fa4066468d17
0f5aa2de408298b9df15d2009aba7f90,7901b53d-fc60-433c-b9eb-9bc3ea7d1199,marketleverage,1,USD,P051,0.3853124112292007,6/1/2025,d184aa56fe19d710c3d9e20c032261b0
05329c530636dae28d53db391366de3b,7901b53d-fc60-433c-b9eb-9bc3ea7d1199,marketleverage,1,USD,P052,0.3853124112292007,6/1/2025,0b8b51b113207b633ca14fda2a37e603
d8ce57eec46985ca29640523176df20d,7901b53d-fc60-433c-b9eb-9bc3ea7d1199,marketleverage,1,USD,P053,0.3853124112292007,6/1/2025,13b370712969be03087084a424b0b030
10cb8fab81657fd0857fd7cc02c2fa4a,7901b53d-fc60-433c-b9eb-9bc3ea7d1199,marketleverage,1,USD,P054,0.3853124112292007,6/1/2025,120bfec244eced190aeef7eb21616324
c58ce43b3e8c952dacdcaea4e77cbdcc,7901b53d-fc60-433c-b9eb-9bc3ea7d1199,marketleverage,1,USD,P055,0.3853124112292007,6/1/2025,6d155f2fbdd20f6d1dcf24e3c2997050
c03f631ba28dc24fba7500ab93847347,7901b53d-fc60-433c-b9eb-9bc3ea7d1199,marketleverage,1,USD,P056,0.3853124112292007,6/1/2025,baa794c3d69dbbba980ecd974e4fb6af
447d1e075f85943efa22bc47524856aa,7901b53d-fc60-433c-b9eb-9bc3ea7d1199,marketleverage,1,USD,P057,0.3853124112292007,6/1/2025,497cc9a86f0f61fcaddf2f762363f362
0b87e72101f47c4d06a79d595a425799,7901b53d-fc60-433c-b9eb-9bc3ea7d1199,marketleverage,1,USD,P058,0.5578141563954478,6/1/2025,c2335a5e755f0825d29831c4cfc45ca7
432d258e394cd49f142ea5f79dffc790,7901b53d-fc60-433c-b9eb-9bc3ea7d1199,marketleverage,1,USD,P059,0.5578141563954478,6/1/2025,9681d7d5e14fc6547ad72164f05d2b39
1e2294735a546c74292e9eb8d60f58ea,7901b53d-fc60-433c-b9eb-9bc3ea7d1199,marketleverage,1,USD,P060,0.5578141563954478,6/1/2025,2f0da56caae4f26e0d1a9aadb214f5bf
c6ede92ce1fe19180c303d17a019e8fc,7901b53d-fc60-433c-b9eb-9bc3ea7d1199,marketleverage,1,USD,P061,0.5578141563954478,6/1/2025,53a653c42695a13e2b39d29dba55b5a8
434b4a6fd5c8a83d2d09e92694bc7624,7901b53d-fc60-433c-b9eb-9bc3ea7d1199,marketleverage,1,USD,P062,0.5578141563954478,6/1/2025,76ca0469d275049e11710cf322c3fbcf
0dd24329346d28c0a3963df32ecf016d,7901b53d-fc60-433c-b9eb-9bc3ea7d1199,marketleverage,1,USD,P063,0.5578141563954478,6/1/2025,823e585462f5764e1d361f5599e2d0aa
c1437a577605e3d3ee6dc3bfc699b804,7901b53d-fc60-433c-b9eb-9bc3ea7d1199,marketleverage,1,USD,P064,0.5578141563954478,6/1/2025,1ca5e3832d84678b5e47927433839117
a5f5f86102fd19779f5b68844696e99d,7901b53d-fc60-433c-b9eb-9bc3ea7d1199,marketleverage,1,USD,P065,0.5578141563954478,6/1/2025,cdbdf6651cd4c0715b30f0e162242f17
191b7b60f4c84d6cb8e30d7c89b42dc8,7901b53d-fc60-433c-b9eb-9bc3ea7d1199,marketleverage,1,USD,P066,0.5578141563954478,6/1/2025,9d943b7e4785ceb6ddffb341d5de0157
65651a8d1dd09a0c952bdfb68749e0ed,7901b53d-fc60-433c-b9eb-9bc3ea7d1199,marketleverage,1,USD,P067,0.5578141563954478,6/1/2025,69d2f461386062b600f1579d82b7910f
661ea891be1c9ad196b2e718190dcabe,7901b53d-fc60-433c-b9eb-9bc3ea7d1199,marketleverage,1,USD,P068,0.5578141563954478,6/1/2025,936ded454da8f1bdfdc3f675e39a83c0
0bec167a7b256132ea02f71c3a048e13,7901b53d-fc60-433c-b9eb-9bc3ea7d1199,marketleverage,1,USD,P069,0.5578141563954478,6/1/2025,8f8a9cdb87c7c21efed051d53d4d6f21
b97ab225f52994ce50e6f3d8e590fd49,7901b53d-fc60-433c-b9eb-9bc3ea7d1199,marketleverage,1,USD,P070,0.5578141563954478,6/1/2025,f6c42bb2ccdf86aff866c44f031453c8
d31c71822ac112de3fbc9d2e197ab1a2,7901b53d-fc60-433c-b9eb-9bc3ea7d1199,marketleverage,1,USD,P071,0.5578141563954478,6/1/2025,ec5bfdf618c4894a810d78f1e7e59848
18b0ef41cbecc68be9e7fdea9adee5bf,7901b53d-fc60-433c-b9eb-9bc3ea7d1199,marketleverage,1,USD,P072,0.6206023298768518,6/1/2025,87c0ff63c399e2205ecf8b26257340c6
fd5ff3cba2b1ae1a621a1454fd6f438f,7901b53d-fc60-433c-b9eb-9bc3ea7d1199,marketleverage,1,USD,P073,0.6206023298768518,6/1/2025,5d8e70e14c08fd710eeae43172e5b992
4100b9319930911f12e93696fe9b6b86,7901b53d-fc60-433c-b9eb-9bc3ea7d1199,marketleverage,1,USD,P074,0.6206023298768518,6/1/2025,af0e686be8046fdf4000015a918b8abf
3e73a3e58ff8dd1d77a272494c1cde1b,7901b53d-fc60-433c-b9eb-9bc3ea7d1199,marketleverage,1,USD,P075,0.6206023298768518,6/1/2025,0795036801348a72d35305173f133415
ace60399bf0b86ef88c31a29bb38fa84,7901b53d-fc60-433c-b9eb-9bc3ea7d1199,marketleverage,1,USD,P076,0.6206023298768518,6/1/2025,634bbd7b5d6798eb9e6ad644515111e8
4ab9fa0d33734f29fe007a10d19fd96a,7901b53d-fc60-433c-b9eb-9bc3ea7d1199,marketleverage,1,USD,P077,0.6206023298768518,6/1/2025,589140f821597cc3f2a33c8dc0ec1462
07d900b56d1d17fd232e8605b7a444e0,7901b53d-fc60-433c-b9eb-9bc3ea7d1199,marketleverage,1,USD,P078,0.6206023298768518,6/1/2025,44f3846a3e03eb276133282d9a0dc4bb
6dc7e7538b88828729b5061d9b7bf14e,7901b53d-fc60-433c-b9eb-9bc3ea7d1199,marketleverage,1,USD,P079,0.6206023298768518,6/1/2025,131d264ff254c5af946c96585e22704a
bb889836f8b4373d7e8b93330dfecba6,7901b53d-fc60-433c-b9eb-9bc3ea7d1199,marketleverage,1,USD,P080,0.6206023298768518,6/1/2025,26ca94580f09972296d8cbb2ca794007
206960cff8269abfccfa2b9fda3c4edf,7901b53d-fc60-433c-b9eb-9bc3ea7d1199,marketleverage,1,USD,P081,0.6206023298768518,6/1/2025,beff70ff2bec5f9f755ea60cfcc87c31
f8e481d61aaa8f271e4b593ed0ead133,7901b53d-fc60-433c-b9eb-9bc3ea7d1199,marketleverage,1,USD,P082,0.6206023298768518,6/1/2025,5bf0d77f1ac5ed64702b69bfea4e54e9
4347aba0c2f7886157d96b4ef907e9a2,7901b53d-fc60-433c-b9eb-9bc3ea7d1199,marketleverage,1,USD,P083,0.6206023298768518,6/1/2025,85fab8c2c3b85baed48c8a33366852f3
a6884ac15c3820dd6f4d2c9bc5095c7f,7901b53d-fc60-433c-b9eb-9bc3ea7d1199,marketleverage,1,USD,P084,0.6206023298768518,6/1/2025,1a303404f84f274a570ce0df54032995
9955c9bc55c8c98ca3e4da677b9cd01c,7901b53d-fc60-433c-b9eb-9bc3ea7d1199,marketleverage,1,USD,P085,0.6206023298768518,6/1/2025,6dbffc3f958207f20b5deb924584010f
4db1841fc7f738f0486f3f113b9ae357,7901b53d-fc60-433c-b9eb-9bc3ea7d1199,marketleverage,1,USD,P086,0.8865916571164533,6/1/2025,0b14659692430413b1f31a1e4cad3f78
85d7c172617beb6b92b8c0c82c2bac20,7901b53d-fc60-433c-b9eb-9bc3ea7d1199,marketleverage,1,USD,P087,0.8865916571164533,6/1/2025,29e69cef1172aee9aaf75cd69c42560d
1937c858d8b4d16f2b4632f88dc6db43,7901b53d-fc60-433c-b9eb-9bc3ea7d1199,marketleverage,1,USD,P088,0.8865916571164533,6/1/2025,1684d226daabf5cc91bdeacf91ce0248
77f07a54ebf14f74d19631163bb434bf,7901b53d-fc60-433c-b9eb-9bc3ea7d1199,marketleverage,1,USD,P089,0.8865916571164533,6/1/2025,acf5e06d07029a487006e9eb16fe74c2
7268ba08d97c4b2155128f6b099bef60,7901b53d-fc60-433c-b9eb-9bc3ea7d1199,marketleverage,1,USD,P090,0.8865916571164533,6/1/2025,39bc7a7726a2d05a1bb4f5cbb68f687e
3f3cc24c963149fbea2ee2ebc9fd7676,7901b53d-fc60-433c-b9eb-9bc3ea7d1199,marketleverage,1,USD,P091,0.8865916571164533,6/1/2025,73dcfc65891a730eb554107147dabe23
d0132821604218f392c3de5fc536cadb,7901b53d-fc60-433c-b9eb-9bc3ea7d1199,marketleverage,1,USD,P092,0.8865916571164533,6/1/2025,7450fb3d13f93d7b727abfe0c35b2b1d
647b7b4213176a3ba69b765c1352cf9a,7901b53d-fc60-433c-b9eb-9bc3ea7d1199,marketleverage,1,USD,P093,0.8865916571164533,6/1/2025,964354c7caafa6084fa74f3dac60b2c3
bf643a7464c1c420db6b154db22ea07b,7901b53d-fc60-433c-b9eb-9bc3ea7d1199,marketleverage,1,USD,P094,0.8865916571164533,6/1/2025,53f3a38009cd9ed6b3a717449d1181a9
5d87c1441f20f468feee82fae623454e,7901b53d-fc60-433c-b9eb-9bc3ea7d1199,marketleverage,1,USD,P095,0.8865916571164533,6/1/2025,d663d450ee9be6a1a64ff68755d33d62
3345cf3e8bcb9ce5b6601b105e63dc4a,7901b53d-fc60-433c-b9eb-9bc3ea7d1199,marketleverage,1,USD,P096,0.8865916571164533,6/1/2025,0180deb37aba9982fb69d685325d6d6a
b6a2488fa85859cefd1c41296d0a8711,7901b53d-fc60-433c-b9eb-9bc3ea7d1199,marketleverage,1,USD,P097,0.8865916571164533,6/1/2025,32848b15710085d46004697c05972323
fb8e55f53472e80dee0b4f22cd29844f,7901b53d-fc60-433c-b9eb-9bc3ea7d1199,marketleverage,1,USD,P098,0.8865916571164533,6/1/2025,b1a84c57edc8cc1da402e3070b2699c1
2182350e14a6a1001217c562cd7950b4,7901b53d-fc60-433c-b9eb-9bc3ea7d1199,marketleverage,1,USD,P099,0.8865916571164533,6/1/2025,d1a9a16ec578731de655219e5ed53f5c
2423dfccc7cfeea354d7d911cb5a7a29,7901b53d-fc60-433c-b9eb-9bc3ea7d1199,marketleverage,1,USD,P100,0.8865916571164533,6/1/2025,820293b2fa6f3848d713f357ab1a75d9
29859a3eef48ea7a53ebafe099c7d8ca,796d3ff9-f1cc-44b6-84be-09a002bbc7dc,marketleverage,1,USD,min_pd_drivers_listed,0.3225616103919314,6/1/2025,63635a4a430da50259dc054d1918ed27
05adfaf6f1078231192f484db1ebf479,796d3ff9-f1cc-44b6-84be-09a002bbc7dc,marketleverage,1,USD,avg,0.34527812622655135,6/1/2025,7241b66df234f0e1abf5fb954bafa6e8
58a230d1316d0fb283df6e13075d847d,796d3ff9-f1cc-44b6-84be-09a002bbc7dc,marketleverage,1,USD,max_pd_drivers_listed,0.36799464206117133,6/1/2025,e17958f5e1d461a4c4144a11af45a70d
4c200b97d20203faea263fc5ac2c7fa6,796d3ff9-f1cc-44b6-84be-09a002bbc7dc,marketleverage,1,USD,P001,0.3225616103919314,6/1/2025,ce35a05c2f066521216d28b76b6cac21
0e8c5e3141b040cc4992651a05f3f5c3,796d3ff9-f1cc-44b6-84be-09a002bbc7dc,marketleverage,1,USD,P002,0.3225616103919314,6/1/2025,eeca07e25cb189dc21077d512dbc3172
0568d9b35baa960002ea0645381ef7ae,796d3ff9-f1cc-44b6-84be-09a002bbc7dc,marketleverage,1,USD,P003,0.3225616103919314,6/1/2025,d9a1371ccbe58dab5dfaacaced0feaef
29b153ae265b15af9297ae2c68c08334,796d3ff9-f1cc-44b6-84be-09a002bbc7dc,marketleverage,1,USD,P004,0.3225616103919314,6/1/2025,be47f8a707aa56f2048a6f92e826221b
f9e4c7188b5b195fc91556b59b76b8b6,796d3ff9-f1cc-44b6-84be-09a002bbc7dc,marketleverage,1,USD,P005,0.3225616103919314,6/1/2025,691a83de6a31e990bb9408ab21ef5151
2028a033d299083ba21f78200208db8f,796d3ff9-f1cc-44b6-84be-09a002bbc7dc,marketleverage,1,USD,P006,0.3225616103919314,6/1/2025,565ebf377250947ebefaea9479e8c863
29c23d85ddfa92eea8db9939bee60935,796d3ff9-f1cc-44b6-84be-09a002bbc7dc,marketleverage,1,USD,P007,0.3225616103919314,6/1/2025,0cb1da993fdd7375aad88d94fb0aa60e
6e053fe0878159448a51bfd33dbacab5,796d3ff9-f1cc-44b6-84be-09a002bbc7dc,marketleverage,1,USD,P008,0.3225616103919314,6/1/2025,4a17cec3ec5293ce4e827a387f0b608d
20b2b359fe2eccc8fd3385cf1c9e1477,796d3ff9-f1cc-44b6-84be-09a002bbc7dc,marketleverage,1,USD,P009,0.3225616103919314,6/1/2025,f0369979395da2da8e30718a4a44ad2b
7b0a43a36efcf579fcd8b38cc963d6ea,796d3ff9-f1cc-44b6-84be-09a002bbc7dc,marketleverage,1,USD,P010,0.3225616103919314,6/1/2025,0449d8af6802fd217f83b6f711415817
6d63dea7b23be8af494025d545350303,796d3ff9-f1cc-44b6-84be-09a002bbc7dc,marketleverage,1,USD,P011,0.3225616103919314,6/1/2025,42d0832adaa5d9fa1b1b1413b5ef2989
f21c05b297a98cc810786618db3c4046,796d3ff9-f1cc-44b6-84be-09a002bbc7dc,marketleverage,1,USD,P012,0.3225616103919314,6/1/2025,ef79f7c596cc3e930ecea2201b16acb8
44330be5b9c507cd60993015b024bc2f,796d3ff9-f1cc-44b6-84be-09a002bbc7dc,marketleverage,1,USD,P013,0.3225616103919314,6/1/2025,7542dd26bfd51a3649f410d9f689c8e2
ad0b5c6208545c2012e0c92be2069dc8,796d3ff9-f1cc-44b6-84be-09a002bbc7dc,marketleverage,1,USD,P014,0.3225616103919314,6/1/2025,fb758e8accb560bf6750e8e519476d99
4e0e6fd770a82eec2cc8f729b9a52597,796d3ff9-f1cc-44b6-84be-09a002bbc7dc,marketleverage,1,USD,P015,0.3225616103919314,6/1/2025,10e4b0f845f0e87db5fd06cb41dab379
13332473051d7a889692a2f8290e9c05,796d3ff9-f1cc-44b6-84be-09a002bbc7dc,marketleverage,1,USD,P016,0.3225616103919314,6/1/2025,802049165f40dbc1735da1f8c1c76594
1cdfea48c072cc8a5acf1802044f6677,796d3ff9-f1cc-44b6-84be-09a002bbc7dc,marketleverage,1,USD,P017,0.3225616103919314,6/1/2025,5bffe835b2fa39f7c7da2563ea8c385b
d906106e6a6e406bf07e16c3f8378d9e,796d3ff9-f1cc-44b6-84be-09a002bbc7dc,marketleverage,1,USD,P018,0.3225616103919314,6/1/2025,657d0c9972540ede03ac2af47b2fc1dd
20f851c88a4432af8f0a3cc165a76d04,796d3ff9-f1cc-44b6-84be-09a002bbc7dc,marketleverage,1,USD,P019,0.3225616103919314,6/1/2025,42e1396582a080ed15dbdae60d6917ef
f1c9a5ebccb4acb4f9e579bdab42bed9,796d3ff9-f1cc-44b6-84be-09a002bbc7dc,marketleverage,1,USD,P020,0.3225616103919314,6/1/2025,acf9d3bd97d4b8cb010ad0c687fc9c85
abd6e42c4ba89fa10dfab89c86393e7c,796d3ff9-f1cc-44b6-84be-09a002bbc7dc,marketleverage,1,USD,P021,0.3225616103919314,6/1/2025,b16a849eddfed02069432e68a21a5306
948e3273567b01923941bd1c7d163fca,796d3ff9-f1cc-44b6-84be-09a002bbc7dc,marketleverage,1,USD,P022,0.3225616103919314,6/1/2025,286306777dbd3401dd222444335e593d
fc797862895e1e60f6faeac6f708542e,796d3ff9-f1cc-44b6-84be-09a002bbc7dc,marketleverage,1,USD,P023,0.3225616103919314,6/1/2025,dceb3100d01061698fb309df37810056
f830fa382ddb52c6a0943d229479a54e,796d3ff9-f1cc-44b6-84be-09a002bbc7dc,marketleverage,1,USD,P024,0.3225616103919314,6/1/2025,43011cfba1f16536298efad2e347a22c
79b4fd61bddba141758e24c3b77a73b3,796d3ff9-f1cc-44b6-84be-09a002bbc7dc,marketleverage,1,USD,P025,0.3225616103919314,6/1/2025,a09d7c8dd1d0f55368df48d005529935
dbdcbd16c375ddf70f1d7a1cd7d5d700,796d3ff9-f1cc-44b6-84be-09a002bbc7dc,marketleverage,1,USD,P026,0.3225616103919314,6/1/2025,e27b8de3ba422d04fec4a37c1e254dab
2437b0ade3a03b61c6b493c79a6aaa3a,796d3ff9-f1cc-44b6-84be-09a002bbc7dc,marketleverage,1,USD,P027,0.3225616103919314,6/1/2025,5c06379a03fc13b3e1b8dd19374776f2
217fc2c0fd5fef815012cdaac5dc0ac5,796d3ff9-f1cc-44b6-84be-09a002bbc7dc,marketleverage,1,USD,P028,0.3225616103919314,6/1/2025,fb4fb8257e0e2a6216e6b51cfb3112d8
5fef93dff134e6bb5fcb290e9af90ba2,796d3ff9-f1cc-44b6-84be-09a002bbc7dc,marketleverage,1,USD,P029,0.3225616103919314,6/1/2025,736ffc2e537d7d586e0efea34a8fcd56
a6ccada9b4ec4c3e9f66fdf3d561d43d,796d3ff9-f1cc-44b6-84be-09a002bbc7dc,marketleverage,1,USD,P030,0.3225616103919314,6/1/2025,6409a6370097bbbd062e54a39058be54
86f92711d390c5f86f2076e73c9a25f8,796d3ff9-f1cc-44b6-84be-09a002bbc7dc,marketleverage,1,USD,P031,0.3225616103919314,6/1/2025,4118537a2d4f7ce5be78f575e67921a5
a7973f6d925e7adeba0a0ca2e60f294d,796d3ff9-f1cc-44b6-84be-09a002bbc7dc,marketleverage,1,USD,P032,0.3225616103919314,6/1/2025,28a5b5ffa6039b6f970199b6de1687b8
74c085abc7b82361db675c90cd6aa57b,796d3ff9-f1cc-44b6-84be-09a002bbc7dc,marketleverage,1,USD,P033,0.3225616103919314,6/1/2025,b1a5319fc6d593dd7b038fa7217f5b58
a6eb950547f684e4a17dd114bb077ebd,796d3ff9-f1cc-44b6-84be-09a002bbc7dc,marketleverage,1,USD,P034,0.3225616103919314,6/1/2025,d175a02d2c4eb43d770f881f3e230a40
069dfa440bdf536e2f0e6ae078392ea1,796d3ff9-f1cc-44b6-84be-09a002bbc7dc,marketleverage,1,USD,P035,0.3225616103919314,6/1/2025,3c917f57758ffbca2d09543261beabab
38b8ec4eace43af467ddf5e0bde59010,796d3ff9-f1cc-44b6-84be-09a002bbc7dc,marketleverage,1,USD,P036,0.3225616103919314,6/1/2025,c73c279d82b513f45998345177a4eff0
d602c97133089d7b7f8821d0da860b0f,796d3ff9-f1cc-44b6-84be-09a002bbc7dc,marketleverage,1,USD,P037,0.3225616103919314,6/1/2025,4510a1ec46e1035137f016b2b9cbbd49
f4033a5fe10033c646d105a6987dd969,796d3ff9-f1cc-44b6-84be-09a002bbc7dc,marketleverage,1,USD,P038,0.3225616103919314,6/1/2025,bcb57154027d330ae3bdf63692477356
7cd5ab05acf459cd7a0c9d71bcc55802,796d3ff9-f1cc-44b6-84be-09a002bbc7dc,marketleverage,1,USD,P039,0.3225616103919314,6/1/2025,2277f6db44f1dd2cbedcf95e4eee7b02
d28d6194e30039d209b4b8f570ed6af3,796d3ff9-f1cc-44b6-84be-09a002bbc7dc,marketleverage,1,USD,P040,0.3225616103919314,6/1/2025,8fe71292c165804e76c64eb22f9b13ad
2aec98cee1387127f55708eb7d587430,796d3ff9-f1cc-44b6-84be-09a002bbc7dc,marketleverage,1,USD,P041,0.3225616103919314,6/1/2025,e1a6256795f2d5b2d62f7aae014ad7fa
2df01d4aea33738c8b8f411571538560,796d3ff9-f1cc-44b6-84be-09a002bbc7dc,marketleverage,1,USD,P042,0.3225616103919314,6/1/2025,eababf9a2aebca0d4c39599666721559
ddd19d3a8b6e1aa2f0fda2a110714acc,796d3ff9-f1cc-44b6-84be-09a002bbc7dc,marketleverage,1,USD,P043,0.3225616103919314,6/1/2025,1f64f97924cd74593aca6aefef640089
27f48b38a9efacd6e6e7050324a227cc,796d3ff9-f1cc-44b6-84be-09a002bbc7dc,marketleverage,1,USD,P044,0.3225616103919314,6/1/2025,ee2d98f1f08b6692dbcab5bd1e81a34a
8921d9b7719b04e491ab7285df74849d,796d3ff9-f1cc-44b6-84be-09a002bbc7dc,marketleverage,1,USD,P045,0.3225616103919314,6/1/2025,61a5a0ed3a4b9391eef263d9a69bb2ca
d73fb0696a7e9a5ecefc52c43be39f27,796d3ff9-f1cc-44b6-84be-09a002bbc7dc,marketleverage,1,USD,P046,0.3225616103919314,6/1/2025,dd19a40a8f6051b0e8d810bd25f4e15b
f345be133cf4ad5782825e1d000d24c2,796d3ff9-f1cc-44b6-84be-09a002bbc7dc,marketleverage,1,USD,P047,0.3225616103919314,6/1/2025,dd9713984a328f63b6eb30d2ad856097
eb3400d2d26a1748f3efc4b5df0c9af7,796d3ff9-f1cc-44b6-84be-09a002bbc7dc,marketleverage,1,USD,P048,0.3225616103919314,6/1/2025,52fda25d2baf314b3907f9bc2c19a36b
15929a596398d27bcbe9b49f00b85a7e,796d3ff9-f1cc-44b6-84be-09a002bbc7dc,marketleverage,1,USD,P049,0.3225616103919314,6/1/2025,b2553f59f7777de2606978c6b074c481
fef6b616b6c826abc1d610e68d5d4937,796d3ff9-f1cc-44b6-84be-09a002bbc7dc,marketleverage,1,USD,P050,0.3225616103919314,6/1/2025,3ddeb8013f6dc93844a140bc981115d0
f0d7dd320e3b5b7fb0edfe32b0e41852,796d3ff9-f1cc-44b6-84be-09a002bbc7dc,marketleverage,1,USD,P051,0.36799464206117133,6/1/2025,00a3ce49d63b8e0104ad0b50ca104d0d
b5fd0e13b0a47b156867934e90a6837b,796d3ff9-f1cc-44b6-84be-09a002bbc7dc,marketleverage,1,USD,P052,0.36799464206117133,6/1/2025,83deea5efaefac36d4a5336cb1b192b6
54e81a6b8991419a9b315e0ddacc0f88,796d3ff9-f1cc-44b6-84be-09a002bbc7dc,marketleverage,1,USD,P053,0.36799464206117133,6/1/2025,3b5220f285845b196989be75c558e8dc
a0fdeee507296d370f35b32928c782d4,796d3ff9-f1cc-44b6-84be-09a002bbc7dc,marketleverage,1,USD,P054,0.36799464206117133,6/1/2025,66222f77258747d7a09babeadaae46ff
58366b2fb86ecc7d43ccbc66f735517c,796d3ff9-f1cc-44b6-84be-09a002bbc7dc,marketleverage,1,USD,P055,0.36799464206117133,6/1/2025,e9d5a4e9eb8e1a75619710b4e94dbcc1
802fce8ff02f23ef9b511c83367aff9d,796d3ff9-f1cc-44b6-84be-09a002bbc7dc,marketleverage,1,USD,P056,0.36799464206117133,6/1/2025,019bad99a0810236fbf845ca0dde17fe
eb724bdb7736f1312dcf7ccacc7b8808,796d3ff9-f1cc-44b6-84be-09a002bbc7dc,marketleverage,1,USD,P057,0.36799464206117133,6/1/2025,4800eec04cca0ad53cee89ca9edef695
97caf663daeb4ba361bfc5d4cf87970a,796d3ff9-f1cc-44b6-84be-09a002bbc7dc,marketleverage,1,USD,P058,0.36799464206117133,6/1/2025,694a864eb0d5c65371b1d712f4ad27d6
563576bbb039665ddfd12941ab8f7126,796d3ff9-f1cc-44b6-84be-09a002bbc7dc,marketleverage,1,USD,P059,0.36799464206117133,6/1/2025,10d56a764d955b0a8d88444812f20377
65a46f31aeb233ffcf20188c2e79826e,796d3ff9-f1cc-44b6-84be-09a002bbc7dc,marketleverage,1,USD,P060,0.36799464206117133,6/1/2025,6ab7ce320a834a3664b6be5330f71a50
31a54d2bee39dcb70a4c9ecb4c919a59,796d3ff9-f1cc-44b6-84be-09a002bbc7dc,marketleverage,1,USD,P061,0.36799464206117133,6/1/2025,96ea5b2fc7ffb4e2b85d6e838eb1dec0
b51bc11464b7775c8d67088f4d2b729d,796d3ff9-f1cc-44b6-84be-09a002bbc7dc,marketleverage,1,USD,P062,0.36799464206117133,6/1/2025,4660b2bc34672663c88ef034ab71a615
cbaf0d35c2b32d4e2afebea8fde3f15a,796d3ff9-f1cc-44b6-84be-09a002bbc7dc,marketleverage,1,USD,P063,0.36799464206117133,6/1/2025,227a05f72e434d1a4d9872bca9467738
738e21014b187852ab9485f21dfee35c,796d3ff9-f1cc-44b6-84be-09a002bbc7dc,marketleverage,1,USD,P064,0.36799464206117133,6/1/2025,d58bbc1ef75292ee667a05fb14c30d9d
3c8cdf9808fa4b12e8877aa942449da2,796d3ff9-f1cc-44b6-84be-09a002bbc7dc,marketleverage,1,USD,P065,0.36799464206117133,6/1/2025,428473ca404e542e19efebcf1970745b
62daadff568ffba967a8db2be73e73e3,796d3ff9-f1cc-44b6-84be-09a002bbc7dc,marketleverage,1,USD,P066,0.36799464206117133,6/1/2025,9eeaed0b56f088e997c0c2d23f608512
f36f48ed9b1fdb9fc2378974cd111f50,796d3ff9-f1cc-44b6-84be-09a002bbc7dc,marketleverage,1,USD,P067,0.36799464206117133,6/1/2025,1ded0b7fb4c00a7067a234c6690e6d8c
676d2a16b7448e58d992804ddd8a640a,796d3ff9-f1cc-44b6-84be-09a002bbc7dc,marketleverage,1,USD,P068,0.36799464206117133,6/1/2025,9f08cf2eb7aed6b38cf9991097c70abc
07058bbd667fdf0adc66c52e81e37678,796d3ff9-f1cc-44b6-84be-09a002bbc7dc,marketleverage,1,USD,P069,0.36799464206117133,6/1/2025,a1802bad515eed5e6e06e0437d60e4da
a419eba13b4ae02eefb1f893dfbd5729,796d3ff9-f1cc-44b6-84be-09a002bbc7dc,marketleverage,1,USD,P070,0.36799464206117133,6/1/2025,773142681380c501f6fb13d443a7e886
81e47103742c45acfe36f9ef1847c9ab,796d3ff9-f1cc-44b6-84be-09a002bbc7dc,marketleverage,1,USD,P071,0.36799464206117133,6/1/2025,ef4384314c3829088c968a27e10044ee
d090b427dad8060ec729c8ef07c1e7c6,796d3ff9-f1cc-44b6-84be-09a002bbc7dc,marketleverage,1,USD,P072,0.36799464206117133,6/1/2025,b7d06a4e0e5a3395c09835da9283180a
68e164678bdd80b6510a86b26ad564b2,796d3ff9-f1cc-44b6-84be-09a002bbc7dc,marketleverage,1,USD,P073,0.36799464206117133,6/1/2025,46ccb64dbf1848e9e666795929996cfc
b7af0322cc8f9d95475b7239ff5f6bdc,796d3ff9-f1cc-44b6-84be-09a002bbc7dc,marketleverage,1,USD,P074,0.36799464206117133,6/1/2025,62512760c9dbda797404f4c11492d4dc
1b8b8470bd69f4cda412a80d8bb8f18e,796d3ff9-f1cc-44b6-84be-09a002bbc7dc,marketleverage,1,USD,P075,0.36799464206117133,6/1/2025,8b4d377c185a2f9441a727b7d63333b6
d1172e5bf3cee7c6681c0d44bc74c0df,796d3ff9-f1cc-44b6-84be-09a002bbc7dc,marketleverage,1,USD,P076,0.36799464206117133,6/1/2025,482da5a0d2dc91a0bfe24c5aa3d483f8
b0acd56464a4963e286d4cc7b5484a4b,796d3ff9-f1cc-44b6-84be-09a002bbc7dc,marketleverage,1,USD,P077,0.36799464206117133,6/1/2025,ba4957cdfbb49bd6b932f379dadb81da
ea8789a1cbc5702aab9f573d2f9281c6,796d3ff9-f1cc-44b6-84be-09a002bbc7dc,marketleverage,1,USD,P078,0.36799464206117133,6/1/2025,c4cdf6b0ee054652767ac7bbc98907cd
0f3224a2ed1d9bb2f8a35a14d2b067d2,796d3ff9-f1cc-44b6-84be-09a002bbc7dc,marketleverage,1,USD,P079,0.36799464206117133,6/1/2025,92ba31abf6d97178ffdd63c633e1acb6
4ba932825af74ff4c01a5a52e09e14c9,796d3ff9-f1cc-44b6-84be-09a002bbc7dc,marketleverage,1,USD,P080,0.36799464206117133,6/1/2025,b065acbbb388433700e136697b494acf
6c40ef0adf0ad6c966f2372847d7782b,796d3ff9-f1cc-44b6-84be-09a002bbc7dc,marketleverage,1,USD,P081,0.36799464206117133,6/1/2025,8cff6e1e9a8cf8d3d16c1a8d4c0dad62
828a1b997ae578d4bb33d5d58523d510,796d3ff9-f1cc-44b6-84be-09a002bbc7dc,marketleverage,1,USD,P082,0.36799464206117133,6/1/2025,453326b200077c73b3f07f6a2437b9bc
4e95ae0db1ea7be7dc0ac1bb8a9858a6,796d3ff9-f1cc-44b6-84be-09a002bbc7dc,marketleverage,1,USD,P083,0.36799464206117133,6/1/2025,3254d896348cb7fd355466cd558b690b
320d7c8520b5249f1d1c969bdf8636c4,796d3ff9-f1cc-44b6-84be-09a002bbc7dc,marketleverage,1,USD,P084,0.36799464206117133,6/1/2025,fabcc2db6597c3387ee57a792bd32bcd
6982d12fd4ee5f42924190cb93686512,796d3ff9-f1cc-44b6-84be-09a002bbc7dc,marketleverage,1,USD,P085,0.36799464206117133,6/1/2025,7319ba122f062bf841dc22bea5e1811c
319811e757c04bd62e3ec145c91cc936,796d3ff9-f1cc-44b6-84be-09a002bbc7dc,marketleverage,1,USD,P086,0.36799464206117133,6/1/2025,fdf2630b79a7ee1978560ec41532ee34
9454e0a8f241d2c188a0a8c944c98901,796d3ff9-f1cc-44b6-84be-09a002bbc7dc,marketleverage,1,USD,P087,0.36799464206117133,6/1/2025,bf6533bba491366e5e72d416883f40e0
056c51f3354e4cf940a813b09fdd40ff,796d3ff9-f1cc-44b6-84be-09a002bbc7dc,marketleverage,1,USD,P088,0.36799464206117133,6/1/2025,0153be553c1c4b92c55b8bd233f2e439
fc3841a363474b9122b3db89164ddff4,796d3ff9-f1cc-44b6-84be-09a002bbc7dc,marketleverage,1,USD,P089,0.36799464206117133,6/1/2025,25a8de4336b96642d2b739a4af7d4e8c
7fdefad109aa1d71a396d13f9d63d546,796d3ff9-f1cc-44b6-84be-09a002bbc7dc,marketleverage,1,USD,P090,0.36799464206117133,6/1/2025,9ce20e2425dee2936bd1cbbe1ad8ba3b
1d3f12fb4b9bc173de6a7763f1be74a0,796d3ff9-f1cc-44b6-84be-09a002bbc7dc,marketleverage,1,USD,P091,0.36799464206117133,6/1/2025,d06419177e13eae498c33f14b18f4f59
8d6d41241affef16b7449fd7a572fa35,796d3ff9-f1cc-44b6-84be-09a002bbc7dc,marketleverage,1,USD,P092,0.36799464206117133,6/1/2025,23eb76de331e349fa8738605483f577d
07606f989395c95f1a6e489423b6383a,796d3ff9-f1cc-44b6-84be-09a002bbc7dc,marketleverage,1,USD,P093,0.36799464206117133,6/1/2025,2f719017da003b70933b574487b5c1a5
eed75d37aa66bc46a8cdafefc75df642,796d3ff9-f1cc-44b6-84be-09a002bbc7dc,marketleverage,1,USD,P094,0.36799464206117133,6/1/2025,9c408ddfffb205e4bd83dbbce3c76f33
df0cedbaee389af29e821f1db056e2eb,796d3ff9-f1cc-44b6-84be-09a002bbc7dc,marketleverage,1,USD,P095,0.36799464206117133,6/1/2025,2c073a24d7f8849b5362976e9dcb4668
5a0006936016fc4a62dbe990b9ee413c,796d3ff9-f1cc-44b6-84be-09a002bbc7dc,marketleverage,1,USD,P096,0.36799464206117133,6/1/2025,6f3f6f742d5b3dcf9fd5161baceda5be
7284a68aac9e7f32b6dd82c6a1a20054,796d3ff9-f1cc-44b6-84be-09a002bbc7dc,marketleverage,1,USD,P097,0.36799464206117133,6/1/2025,febf04c5de850ef5ccbbb9ad6e432e36
2e3bb316157e72fc044dac02899c9b96,796d3ff9-f1cc-44b6-84be-09a002bbc7dc,marketleverage,1,USD,P098,0.36799464206117133,6/1/2025,01349c8a0792fb7d947186a7168ed136
4c38ab1de076fef398e922d3e914d0c0,796d3ff9-f1cc-44b6-84be-09a002bbc7dc,marketleverage,1,USD,P099,0.36799464206117133,6/1/2025,9362a8ff7eab043fa25eff6d3eff72c4
cd41baf994016b7d4d1df4bf57e7172f,796d3ff9-f1cc-44b6-84be-09a002bbc7dc,marketleverage,1,USD,P100,0.36799464206117133,6/1/2025,31296276ad2e03461ba783294eebb780
2d340ae3ae2d87ccf3d60709d195fc75,7997d972-e5d2-4b7b-b07d-5ad1f756a939,marketleverage,1,USD,min_pd_drivers_listed,0.11308174088767792,6/1/2025,9f63500494cf4f766e744a004e992e1f
07de4604663c19e0ac927d28bb1f747d,7997d972-e5d2-4b7b-b07d-5ad1f756a939,marketleverage,1,USD,avg,0.11308174088767792,6/1/2025,94c2cf4c6775226452aa714625836ac6
f07470dbfe1b3f632340f5af64bd6812,7997d972-e5d2-4b7b-b07d-5ad1f756a939,marketleverage,1,USD,max_pd_drivers_listed,0.11308174088767792,6/1/2025,64aded51fb4da810e6d2b9c30bfb93d6
0d7c5bd8838dd7ba877857153bde691a,7997d972-e5d2-4b7b-b07d-5ad1f756a939,marketleverage,1,USD,P001,0.11308174088767792,6/1/2025,54404c5667b453f604b4761da49fa0e3
cae1bdbfd007a74691ac4f6d438c8d79,7997d972-e5d2-4b7b-b07d-5ad1f756a939,marketleverage,1,USD,P002,0.11308174088767792,6/1/2025,0cba63e7d55985a1f0e2bd027f553236
048a9760b7cfba53dc6afc19a73bde3f,7997d972-e5d2-4b7b-b07d-5ad1f756a939,marketleverage,1,USD,P003,0.11308174088767792,6/1/2025,7dbd3ce2987e37e8738abeacef32086f
ebd283bf3cf049915821a9fbdbde3bce,7997d972-e5d2-4b7b-b07d-5ad1f756a939,marketleverage,1,USD,P004,0.11308174088767792,6/1/2025,4854aa80c6fe5729257e4d5f717df062
0b59b7fd61591cf7ef52b530775ad616,7997d972-e5d2-4b7b-b07d-5ad1f756a939,marketleverage,1,USD,P005,0.11308174088767792,6/1/2025,a97a10c09eb88d668167e46ccb636b81
9bdcb83609ea7c55991e74e06b9b37db,7997d972-e5d2-4b7b-b07d-5ad1f756a939,marketleverage,1,USD,P006,0.11308174088767792,6/1/2025,47e1027400bbe7063787ee3f8ceefb2d
3190c1620c5bfe40a0a68f3414ec4fd8,7997d972-e5d2-4b7b-b07d-5ad1f756a939,marketleverage,1,USD,P007,0.11308174088767792,6/1/2025,e9e4380686d41d599498376e14759e89
ade35944f8dda746f386a3e1b7e1f80a,7997d972-e5d2-4b7b-b07d-5ad1f756a939,marketleverage,1,USD,P008,0.11308174088767792,6/1/2025,8642c1e8cf9ebeeb8070b8d626040eea
ea157ea61f27255e1ee9c4a5b39fdf8a,7997d972-e5d2-4b7b-b07d-5ad1f756a939,marketleverage,1,USD,P009,0.11308174088767792,6/1/2025,a7b47aaed651e4fd4043291e3f25fb7a
1b0d228bde158a79c02a7e0a14132aba,7997d972-e5d2-4b7b-b07d-5ad1f756a939,marketleverage,1,USD,P010,0.11308174088767792,6/1/2025,fae5d4579cc5bb504ba4c96abbc175fe
986719f896661f9f83922b04b3341a9a,7997d972-e5d2-4b7b-b07d-5ad1f756a939,marketleverage,1,USD,P011,0.11308174088767792,6/1/2025,1107780614ec313e3f15e9db95575672
32df68fe4d069e2c1db06dc3b5da7310,7997d972-e5d2-4b7b-b07d-5ad1f756a939,marketleverage,1,USD,P012,0.11308174088767792,6/1/2025,a2f90bb2ec12e3927e4454a9cb176efa
41d0fb78eca38113f1cc2543e8b54352,7997d972-e5d2-4b7b-b07d-5ad1f756a939,marketleverage,1,USD,P013,0.11308174088767792,6/1/2025,65aedc5ddaf792a48f421bbad9aeba23
7981c813c08c9368b93107a8650761a1,7997d972-e5d2-4b7b-b07d-5ad1f756a939,marketleverage,1,USD,P014,0.11308174088767792,6/1/2025,13587c640a50dff2aa144f49c91cb46e
41723e131d95d9f15c37ea7ffb08d5a4,7997d972-e5d2-4b7b-b07d-5ad1f756a939,marketleverage,1,USD,P015,0.11308174088767792,6/1/2025,76af6d0b1f08ec0dd48d308f1a306ede
0f1a8c43fd9a83f730eea6482dee47c9,7997d972-e5d2-4b7b-b07d-5ad1f756a939,marketleverage,1,USD,P016,0.11308174088767792,6/1/2025,e253ae68bbd07a367c155be081df3727
f365630864716ce2d9f5eba32ecc51d4,7997d972-e5d2-4b7b-b07d-5ad1f756a939,marketleverage,1,USD,P017,0.11308174088767792,6/1/2025,bf84e694c55ce9a05b1a2016117e74a7
4b7d2c72299aa4e3eae0fdfbcf2c5350,7997d972-e5d2-4b7b-b07d-5ad1f756a939,marketleverage,1,USD,P018,0.11308174088767792,6/1/2025,8807d94f0218d41f0e264dc0181c6168
68947878bc528993185ef114bab939b0,7997d972-e5d2-4b7b-b07d-5ad1f756a939,marketleverage,1,USD,P019,0.11308174088767792,6/1/2025,caea232d3fe6d52b991f3d1c645c5c1d
7219f2f3a0063458f9289c31710ab2e4,7997d972-e5d2-4b7b-b07d-5ad1f756a939,marketleverage,1,USD,P020,0.11308174088767792,6/1/2025,de614e1882e53f635edd0271641d4b7d
30d43b7a804f9e0d2369b37d66eb150d,7997d972-e5d2-4b7b-b07d-5ad1f756a939,marketleverage,1,USD,P021,0.11308174088767792,6/1/2025,40504ebffea01d5f1307cf2b26d8bd43
f4ce77af0a48d29f076c848438809a8a,7997d972-e5d2-4b7b-b07d-5ad1f756a939,marketleverage,1,USD,P022,0.11308174088767792,6/1/2025,fe7bd8db18ffa7671d7a38f956e33f82
966ee54851eda7436ef20403b1415b6d,7997d972-e5d2-4b7b-b07d-5ad1f756a939,marketleverage,1,USD,P023,0.11308174088767792,6/1/2025,6d084c3b54625b0e02c5b24af88d8d28
b5af78e7e7ac4360cb8ceba0f99b2253,7997d972-e5d2-4b7b-b07d-5ad1f756a939,marketleverage,1,USD,P024,0.11308174088767792,6/1/2025,a3c87a3911b8ff4c28fa2aa0b049e795
858744a01790fc60ae33d20d5819cd8f,7997d972-e5d2-4b7b-b07d-5ad1f756a939,marketleverage,1,USD,P025,0.11308174088767792,6/1/2025,424dce688d78be2f0b5b15df45507d8f
af5005389a4001abdd4ba364c3dc76f3,7997d972-e5d2-4b7b-b07d-5ad1f756a939,marketleverage,1,USD,P026,0.11308174088767792,6/1/2025,3222be85acb2026bf48e46950853d1df
eba7ce9a95ae8edcb1f3aa3985340896,7997d972-e5d2-4b7b-b07d-5ad1f756a939,marketleverage,1,USD,P027,0.11308174088767792,6/1/2025,a35a3082709254527c50e56edec44aae
145eda811ab3ba3c96d361c13ccc4a6e,7997d972-e5d2-4b7b-b07d-5ad1f756a939,marketleverage,1,USD,P028,0.11308174088767792,6/1/2025,fcc4106093e8eeb243d36c3aa774c489
90c0d90578b77dd856b3ef25d6dda2d3,7997d972-e5d2-4b7b-b07d-5ad1f756a939,marketleverage,1,USD,P029,0.11308174088767792,6/1/2025,34a366661497e520414b1354c337f8f1
953aca17c36d07696e092aed52afafa9,7997d972-e5d2-4b7b-b07d-5ad1f756a939,marketleverage,1,USD,P030,0.11308174088767792,6/1/2025,138782bb48addacaa1193e344f828321
8b197d19b2b28b7b3a5c04e1bd32190a,7997d972-e5d2-4b7b-b07d-5ad1f756a939,marketleverage,1,USD,P031,0.11308174088767792,6/1/2025,d48aaa065535a98e415dfba2a9b9aace
5c0f17051f85258217f10d5d9f959f31,7997d972-e5d2-4b7b-b07d-5ad1f756a939,marketleverage,1,USD,P032,0.11308174088767792,6/1/2025,4ef9eabc1080f58c6a4d0c939a23fbc6
52a63096d4b02323e5cd4102a31eeee2,7997d972-e5d2-4b7b-b07d-5ad1f756a939,marketleverage,1,USD,P033,0.11308174088767792,6/1/2025,b7a593f7a1aa0ce68b855dd6cf6891c1
1e51c9451b44e467ead5accd086bace1,7997d972-e5d2-4b7b-b07d-5ad1f756a939,marketleverage,1,USD,P034,0.11308174088767792,6/1/2025,5bf0698cdc3fde6829ef9a9607e65bba
fa933dd65ba2db4526c9b3738fa91944,7997d972-e5d2-4b7b-b07d-5ad1f756a939,marketleverage,1,USD,P035,0.11308174088767792,6/1/2025,f8e8ab0c9c1945dcd7fea01e57d5560a
c2579e757d26a824fd50f400e2537b59,7997d972-e5d2-4b7b-b07d-5ad1f756a939,marketleverage,1,USD,P036,0.11308174088767792,6/1/2025,30b059977075bb7f72b66dbda819e19c
5b2f9fdd48f8e656676e7ff5d5ee7bba,7997d972-e5d2-4b7b-b07d-5ad1f756a939,marketleverage,1,USD,P037,0.11308174088767792,6/1/2025,12271feb854c84a1776651cf1e1eee90
0b70cce6f2f040aa1b312ce017264ebb,7997d972-e5d2-4b7b-b07d-5ad1f756a939,marketleverage,1,USD,P038,0.11308174088767792,6/1/2025,fea576068dd3ac2193bedd69cbe4a533
11dd17219bcc3d9bfd142508610f0883,7997d972-e5d2-4b7b-b07d-5ad1f756a939,marketleverage,1,USD,P039,0.11308174088767792,6/1/2025,53ef5fccd4483d42c46a590a7f0b495f
e2f24fa644bf69ef55dceb050a78ebfb,7997d972-e5d2-4b7b-b07d-5ad1f756a939,marketleverage,1,USD,P040,0.11308174088767792,6/1/2025,fe22a7be68c7780734a157d26fe1c9e4
9094c95f02022aaa4d6b7b807313a693,7997d972-e5d2-4b7b-b07d-5ad1f756a939,marketleverage,1,USD,P041,0.11308174088767792,6/1/2025,d572e4c7c8201327dd1e34ee509ae016
c47e891bf24a6d598e185050ff25e03b,7997d972-e5d2-4b7b-b07d-5ad1f756a939,marketleverage,1,USD,P042,0.11308174088767792,6/1/2025,603fe81716266a222ddbe350b947391a
7d2dfab30d99cbe26c9084664b853005,7997d972-e5d2-4b7b-b07d-5ad1f756a939,marketleverage,1,USD,P043,0.11308174088767792,6/1/2025,2830411d9a1d8803cfe19f451e240199
11feac393f7d3b1ac229a7db5b73ac82,7997d972-e5d2-4b7b-b07d-5ad1f756a939,marketleverage,1,USD,P044,0.11308174088767792,6/1/2025,29c102bf5525350de71199b887f1377d
f48c25075d2c4104c0ddea2decc8fe5b,7997d972-e5d2-4b7b-b07d-5ad1f756a939,marketleverage,1,USD,P045,0.11308174088767792,6/1/2025,a197c3194ff767834c1b188f5d484f45
24329e2dfae8a1f8d84b96bbecc277ef,7997d972-e5d2-4b7b-b07d-5ad1f756a939,marketleverage,1,USD,P046,0.11308174088767792,6/1/2025,8d6065c4e8877a69c2e0b459d61b69ec
2f9f07abfbcb8461db2657c7da6bccc5,7997d972-e5d2-4b7b-b07d-5ad1f756a939,marketleverage,1,USD,P047,0.11308174088767792,6/1/2025,0f62df70fdde410d8bd9afc0182c2f21
7c1c9b9caf27a215c08f63f71c6b59b0,7997d972-e5d2-4b7b-b07d-5ad1f756a939,marketleverage,1,USD,P048,0.11308174088767792,6/1/2025,2507c94e55e2d9915479b5f20e192558
31d698762ab3590a8d6f96f735506744,7997d972-e5d2-4b7b-b07d-5ad1f756a939,marketleverage,1,USD,P049,0.11308174088767792,6/1/2025,686f3258e464595cab27a92d04cddc36
fcaa8f279a4e286fd16fcb3e4a32feca,7997d972-e5d2-4b7b-b07d-5ad1f756a939,marketleverage,1,USD,P050,0.11308174088767792,6/1/2025,a5988943f8a9d4fff860ed109b0d093d
36b4a659b9348152ea4f54ea6ba1c06a,7997d972-e5d2-4b7b-b07d-5ad1f756a939,marketleverage,1,USD,P051,0.11308174088767792,6/1/2025,d9ab23e203aa805c3597cd37967e64bc
7302ba641c4b86d92c209502899ffe5e,7997d972-e5d2-4b7b-b07d-5ad1f756a939,marketleverage,1,USD,P052,0.11308174088767792,6/1/2025,083efec9736ed53afb4e10a7fcbdce60
cf72380598ced62583f5f53407691a78,7997d972-e5d2-4b7b-b07d-5ad1f756a939,marketleverage,1,USD,P053,0.11308174088767792,6/1/2025,18241d04a7101d903190417026b92669
d67752e24206747237ffed0e27a409e1,7997d972-e5d2-4b7b-b07d-5ad1f756a939,marketleverage,1,USD,P054,0.11308174088767792,6/1/2025,1772454d56ed55ba585790d095a96186
8a9eb5f58d10ffc8dd8f6fb001955aa4,7997d972-e5d2-4b7b-b07d-5ad1f756a939,marketleverage,1,USD,P055,0.11308174088767792,6/1/2025,12e5d774d019fa38a6b818c92b7b0623
dcc574f84789c704c5d620fb3a3228da,7997d972-e5d2-4b7b-b07d-5ad1f756a939,marketleverage,1,USD,P056,0.11308174088767792,6/1/2025,f8f80aae8929c05d57778571e957d3f1
2aa8660121ce95041b54893024ac8809,7997d972-e5d2-4b7b-b07d-5ad1f756a939,marketleverage,1,USD,P057,0.11308174088767792,6/1/2025,8f2887bc53b57479aa5808d9329124d3
ff1d206c7012fd8a167df9a7cb2b2147,7997d972-e5d2-4b7b-b07d-5ad1f756a939,marketleverage,1,USD,P058,0.11308174088767792,6/1/2025,2b31b6698f44a5f01d2ea74f4994906e
db6b07ff02f7fe10300ac2847d0f4596,7997d972-e5d2-4b7b-b07d-5ad1f756a939,marketleverage,1,USD,P059,0.11308174088767792,6/1/2025,f3492e6e88265a7646186a3a6c70970d
a893426d14d06208efd76d8e6e1edc2a,7997d972-e5d2-4b7b-b07d-5ad1f756a939,marketleverage,1,USD,P060,0.11308174088767792,6/1/2025,6ae9692cbc111c5f3a248bbe374529c0
8d21677f89c5488f23c5c52990ce5ccd,7997d972-e5d2-4b7b-b07d-5ad1f756a939,marketleverage,1,USD,P061,0.11308174088767792,6/1/2025,2809ce836fe0311d67b5c0ebb60f589f
b307e460e650d1a7c312a0f2379f28b5,7997d972-e5d2-4b7b-b07d-5ad1f756a939,marketleverage,1,USD,P062,0.11308174088767792,6/1/2025,f9966771db9e423007acccf2a53ddb81
e2e6893a357c67aae65ecc6d45fc8563,7997d972-e5d2-4b7b-b07d-5ad1f756a939,marketleverage,1,USD,P063,0.11308174088767792,6/1/2025,b4ada1d212bdc037ae9972289b1dcc3f
a64da56ad2c62d9d1b36a11c6eeccd4b,7997d972-e5d2-4b7b-b07d-5ad1f756a939,marketleverage,1,USD,P064,0.11308174088767792,6/1/2025,e6389cfa760812fa8fbd6e1803d034b9
2c444211a80a0afdd8d6c41bdfd54bc4,7997d972-e5d2-4b7b-b07d-5ad1f756a939,marketleverage,1,USD,P065,0.11308174088767792,6/1/2025,9d1269efe173c0973053b9a67e225b38
82a5b65222c4726b03bb993b3b8337b6,7997d972-e5d2-4b7b-b07d-5ad1f756a939,marketleverage,1,USD,P066,0.11308174088767792,6/1/2025,60f072bcee52dd75441ec6a73e78ba67
cf36c84d1769ca6c53e4707623ec17ff,7997d972-e5d2-4b7b-b07d-5ad1f756a939,marketleverage,1,USD,P067,0.11308174088767792,6/1/2025,2021e591804b5571e6c81082ce422a18
e53224b3bc9d61a294ec57da7218388d,7997d972-e5d2-4b7b-b07d-5ad1f756a939,marketleverage,1,USD,P068,0.11308174088767792,6/1/2025,4a177747bde95b72bfad5980beadf20b
4262c429621dcedfcee56e325ad51c0e,7997d972-e5d2-4b7b-b07d-5ad1f756a939,marketleverage,1,USD,P069,0.11308174088767792,6/1/2025,eb9fa81fb207dc67b4582b9a25236742
db00baed1fe4f93aca07e23d548e0b53,7997d972-e5d2-4b7b-b07d-5ad1f756a939,marketleverage,1,USD,P070,0.11308174088767792,6/1/2025,137f97a7892c64f867fc553331576062
3a190bb167e9dbf03b2c5415e3f89b0d,7997d972-e5d2-4b7b-b07d-5ad1f756a939,marketleverage,1,USD,P071,0.11308174088767792,6/1/2025,8da7983994ad1b7db6e1d77dda5d6029
6939dda1822ab0ebef71e7af1f2da937,7997d972-e5d2-4b7b-b07d-5ad1f756a939,marketleverage,1,USD,P072,0.11308174088767792,6/1/2025,b7c80077bc14a5e4b49a792f5435a048
5c52a24cccd8b9271e151e76782d2c55,7997d972-e5d2-4b7b-b07d-5ad1f756a939,marketleverage,1,USD,P073,0.11308174088767792,6/1/2025,16ddb2b9f1242e160b54b5c583812761
86315286a289448798139ac588dc2d36,7997d972-e5d2-4b7b-b07d-5ad1f756a939,marketleverage,1,USD,P074,0.11308174088767792,6/1/2025,d78c9bdf105c2885336426f0fc2c8e33
cf32b3d3ac1aacad062fdad96ac108b5,7997d972-e5d2-4b7b-b07d-5ad1f756a939,marketleverage,1,USD,P075,0.11308174088767792,6/1/2025,72bd4fdeff8089cb0279aa803d389d97
672fc569c2f298a2fb147332b7765856,7997d972-e5d2-4b7b-b07d-5ad1f756a939,marketleverage,1,USD,P076,0.11308174088767792,6/1/2025,3aef14f79534725fe9bc8632a1019d66
bc2b10d184b8eef402ee5d921276d92d,7997d972-e5d2-4b7b-b07d-5ad1f756a939,marketleverage,1,USD,P077,0.11308174088767792,6/1/2025,aabeb823785ef139aec2fd2c25972bcf
d69ee2ac509da657a3eb883bbcd6f351,7997d972-e5d2-4b7b-b07d-5ad1f756a939,marketleverage,1,USD,P078,0.11308174088767792,6/1/2025,bc67f43c4dec3878ecac73c8f02c1a66
95120124a149c8ecc156a496fe072641,7997d972-e5d2-4b7b-b07d-5ad1f756a939,marketleverage,1,USD,P079,0.11308174088767792,6/1/2025,a70c4105c3881a679e816bfd71f5c9c6
09696dee0798f830a46833e103b8225a,7997d972-e5d2-4b7b-b07d-5ad1f756a939,marketleverage,1,USD,P080,0.11308174088767792,6/1/2025,1e71b22609a448fc402e3e85c05dc093
19022991aec75192a9a316193f180208,7997d972-e5d2-4b7b-b07d-5ad1f756a939,marketleverage,1,USD,P081,0.11308174088767792,6/1/2025,ef34e36eda93124fc58cb764bccd8746
971b28c7877bfe196ddd5d9e29969f6e,7997d972-e5d2-4b7b-b07d-5ad1f756a939,marketleverage,1,USD,P082,0.11308174088767792,6/1/2025,c3a1e3e1be483eb6c8ff47c174e3bef3
34010f5bb5660e207054dbe98c152924,7997d972-e5d2-4b7b-b07d-5ad1f756a939,marketleverage,1,USD,P083,0.11308174088767792,6/1/2025,0f5f171796b3161cbcdf96c68a9f0da8
d34b494b673cfd60f608d7bae032e95f,7997d972-e5d2-4b7b-b07d-5ad1f756a939,marketleverage,1,USD,P084,0.11308174088767792,6/1/2025,32ac26ba3d06efe685032fa0ebc38a6d
1ef9d2baf982cb0246726abe1fb02c8b,7997d972-e5d2-4b7b-b07d-5ad1f756a939,marketleverage,1,USD,P085,0.11308174088767792,6/1/2025,1f969761350423f0ac939ec01d38cdfb
4c2fff85b5b19ef63e46ae2ef794a43d,7997d972-e5d2-4b7b-b07d-5ad1f756a939,marketleverage,1,USD,P086,0.11308174088767792,6/1/2025,324545d151f7b927cb37cdd8398d1bf6
5ef81629fa98b2fa2e51590fb3fccd5b,7997d972-e5d2-4b7b-b07d-5ad1f756a939,marketleverage,1,USD,P087,0.11308174088767792,6/1/2025,c998d4f62394d71d14770768a07b6dc2
